requirement_id,source_section,source_locator,source_summary,requirement_type,priority,current_status,proposed_implementation,target_component_or_service,data_or_content_dependency,placeholder_policy,production_blocker,acceptance_or_test_method,delivery_batch,notes
REQ-DOC-001,1 Document control,Section 1; table 'Document control'; row 'Visual source of truth',The current rendered design at veyora.design is the visual source of truth; preserve its styling and interaction language,SOURCE_REQUIREMENT,P0,PARTIAL,Port the editorial token layer and component language from the live storefront source,Design token layer,None,NONE,NO,Visual review sign-off against the captured design freeze,B1,Reinforced by programme ruling 1. Requirement retained; production blocker carried by the non-duplicate row covering the same failure mode
REQ-DOC-002,1 Document control,Section 1; table 'Document control'; row 'Structural source of truth',The eight-page wireframe plus this document's enhancements and acceptance criteria define structure,SOURCE_REQUIREMENT,P0,MISSING,Module order taken from the written 'Required module order' lists only,All templates,None,NONE,NO,Template review against the written module lists,B3,Programme ruling 2 - wireframes are not approved visual designs
REQ-DOC-003,1 Document control,Section 1; table 'Document control'; row 'Geographic scope',Geographic scope is Canada; United States and Europe subject to final confirmation of service coverage and claims,SOURCE_REQUIREMENT,P1,MISSING,Market coverage rendered from location and coverage records,Global Presence template,Approved coverage,NEUTRAL_WORDING,NO,Content review,B3,Ruling 5 permits neutral presence wording
REQ-DOC-004,1 Document control,Section 1; table 'Document control'; row 'SEO/GEO standard',Pages must be crawlable; indexable; entity-clear; source-backed and performant,SOURCE_REQUIREMENT,P0,MISSING,Delivered through the technical SEO and GEO requirement set,Public web app,None,NONE,NO,Aggregate of the SEO and GEO acceptance suites,B7,Umbrella statement - individual requirements carry the gates
REQ-DOC-005,1 Document control,Section 1; table 'Document control'; row 'Production domain',Recommended production domain is veyora.com; treat veyora.design as staging unless Veyora chooses otherwise,SOURCE_REQUIREMENT,P0,MISSING,PUBLIC_SITE_ORIGIN configuration with no hard-coded host anywhere,Config + Caddy,DECISION-01,CONFIGURABLE,YES,Redirect matrix shows exactly one indexable host,B10,Blocking at cutover only - development proceeds on configuration
REQ-EXEC-001,2 Executive direction,Section 2; callout table 'DO NOT REDESIGN THE SITE FROM THE WIREFRAME',Reuse the live site typography; colour system; spacing; art direction; cards; buttons; transitions; navigation behaviour and responsive rules,SOURCE_REQUIREMENT,P0,PARTIAL,Token layer ported verbatim; portal component reuse forbidden,Design token layer,None,NONE,NO,Visual regression against approved baselines,B1,
REQ-EXEC-002,2 Executive direction,Section 2; callout table 'DO NOT REDESIGN THE SITE FROM THE WIREFRAME',Extend the existing component system where a wireframe module does not yet exist,SOURCE_REQUIREMENT,P0,MISSING,New modules authored from the five editorial type roles and four neutrals; derivation recorded in source,Component library,None,NONE,NO,Design review against the documented extension rules,B1,
REQ-EXEC-003,2.1 Source-of-truth hierarchy,Section 2.1; list item 1,Current live design governs visual appearance; component styling; typography; motion and responsive behaviour,SOURCE_REQUIREMENT,P0,PARTIAL,Documented and enforced at review,Process,None,NONE,NO,Review checklist item on every pull request,B0,
REQ-EXEC-004,2.1 Source-of-truth hierarchy,Section 2.1; list item 2,This specification governs routes; page scope; module order; content requirements; SEO/GEO; analytics and acceptance criteria,SOURCE_REQUIREMENT,P0,MISSING,This traceability register is the control document,Process,None,NONE,NO,Register approved and referenced by every work package,B0,
REQ-EXEC-005,2.1 Source-of-truth hierarchy,Section 2.1; list item 3,The wireframe PDF governs information hierarchy and required page templates,SOURCE_REQUIREMENT,P1,MISSING,Written module-order lists used; figures not interpreted as designs,All templates,None,NONE,NO,Template review,B3,Figures deliberately not opened per programme ruling 2
REQ-EXEC-006,2.1 Source-of-truth hierarchy,Section 2.1; list item 4,Approved brand assets and fact sheets govern product; material; manufacturing; warranty; shipping and geographic claims,SOURCE_REQUIREMENT,P0,MISSING,Claims render only from approved records with a named approver,Content model,Approved fact sheets,OMIT_UNTIL_APPROVED,NO,Publication gate blocks an unapproved claim,B2,Omission is permitted so absence does not block release
REQ-EXEC-007,2.1 Source-of-truth hierarchy,Section 2.1; list item 5,The public site only previews authenticated pricing; availability; ordering and account features,SOURCE_REQUIREMENT,P0,PARTIAL,Public site carries discovery and preview only; all commerce stays in the portal,Public web app,None,NONE,YES,Route inventory shows no public commerce function,B4,Blocking - failure means exposing commercial function publicly
REQ-EXEC-008,2.2 Pre-build design freeze,Section 2.2; list item 1,Capture desktop and mobile screenshots of every current public route before modifying the codebase,SOURCE_REQUIREMENT,P0,MISSING,Baseline capture at six widths archived with commit hash,QA tooling,Access to the live site,NONE,NO,Baseline artefact exists and is reviewed before any code change,B0,
REQ-EXEC-009,2.2 Pre-build design freeze,Section 2.2; list item 2,Inventory current design tokens: fonts; type scale; colours; gradients; spacing; grid; breakpoints; radius; shadows; animation timings and icon style,SOURCE_REQUIREMENT,P0,COMPLETE,Delivered as 02_VISUAL_SYSTEM_INVENTORY,Documentation,None,NONE,NO,Every value traces to a repository literal,B0,Completed in Phase 0
REQ-EXEC-010,2.2 Pre-build design freeze,Section 2.2; list item 3,Inventory existing components and map each wireframe module to an existing component; an extension or a new component,SOURCE_REQUIREMENT,P0,COMPLETE,Delivered as 02_VISUAL_SYSTEM_INVENTORY sections 5 and 7,Documentation,None,NONE,NO,Every specification module appears in the component map,B0,Completed in Phase 0
REQ-EXEC-011,2.2 Pre-build design freeze,Section 2.2; list item 4,Do not introduce the wireframe orange/black utilitarian visual treatment,SOURCE_REQUIREMENT,P0,COMPLETE,Palette locked to four warm neutrals plus two blacks,Design token layer,None,NONE,NO,Visual review; no saturated colour in the public token set,B1,
REQ-EXEC-012,2.2 Pre-build design freeze,Section 2.2; list item 5,Keep a side-by-side visual regression review for all templates at desktop; tablet and mobile widths,SOURCE_REQUIREMENT,P0,MISSING,Screenshot comparison per template per breakpoint,QA tooling,Approved baselines,NONE,NO,Visual regression review signed before cutover,B9,Blocking - release-critical review of the protected design. Requirement retained; production blocker carried by the non-duplicate row covering the same failure mode
REQ-CSF-001,4 Current-state findings,Section 4; introductory paragraph,Validate every finding in Search Console; Bing Webmaster Tools; hosting configuration and the production repository before launch,SOURCE_REQUIREMENT,P0,MISSING,First-party verification task in the decision batch,Process,GSC and Bing access,NONE,YES,Verification record produced before cutover,B0,Findings are inherited and unverified by this audit
REQ-CSF-002,4.1 Critical findings,Section 4.1; table 'Critical findings'; row 'Hash-based routing' (P0),Replace hash routing with clean path-based routes using the History API and SSR/SSG,SOURCE_REQUIREMENT,P0,MISSING,Astro server-mode file routing; every route a real path,Public web app,None,NONE,NO,Direct request to each route returns 200 with full HTML,B1,Stated priority P0 in source. Requirement retained; production blocker carried by the non-duplicate row covering the same failure mode
REQ-CSF-003,4.1 Critical findings,Section 4.1; table 'Critical findings'; row 'Crawler-visible HTML' (P0),Each route must return meaningful HTML; metadata; H1 and primary copy before client hydration,SOURCE_REQUIREMENT,P0,MISSING,Server rendering; islands only for filters gallery menu and forms,Public web app,Content model,NONE,NO,curl of each route contains H1 title description canonical and primary copy,B1,Stated priority P0 in source. Requirement retained; production blocker carried by the non-duplicate row covering the same failure mode
REQ-CSF-004,4.1 Critical findings,Section 4.1; table 'Critical findings'; row 'Duplicate domains' (P0),Select one canonical production domain and redirect or protect the other,SOURCE_REQUIREMENT,P0,MISSING,Canonical host redirect at Caddy; alternate 301,Caddy + config,DECISION-01,CONFIGURABLE,NO,Crawl shows one indexable host; alternate returns 301,B10,Stated priority P0 in source. Requirement retained; production blocker carried by the non-duplicate row covering the same failure mode
REQ-CSF-005,4.1 Critical findings,Section 4.1; table 'Critical findings'; row 'Legacy 404s' (P0),Build a verified redirect map before launch for legacy URLs still surfacing in search,SOURCE_REQUIREMENT,P0,MISSING,Data-driven redirects table plus middleware,Redirect service,Legacy URL export,NONE,YES,Automated crawl of the legacy list returns zero 404s,B7,Stated priority P0 in source
REQ-CSF-006,4.1 Critical findings,Section 4.1; table 'Critical findings'; row 'Navigation gap' (P0),Global Presence must be a real page or be removed from navigation; a dead or anchor-only primary item is not acceptable,SOURCE_REQUIREMENT,P0,MISSING,Build /global-presence/ as a first-class indexable route,Global Presence template,None,NEUTRAL_WORDING,YES,Route returns 200 and is linked from primary navigation,B3,Blocking - a dead primary nav item is a broken core route
REQ-CSF-007,4.1 Critical findings,Section 4.1; table 'Critical findings'; row 'Brand-count ambiguity' (P1),Confirm whether Essedue and Kyme are separate brands; whether Extreme Next is in scope and the approved public brand count,SOURCE_REQUIREMENT,P1,MISSING,Brand records with publication state; count derived from published records,Brand entity,DECISION-03,CONFIGURABLE,NO,Count derives from one query used by every surface,B2,Rulings 7 and 8 - data-configurable so not blocking
REQ-CSF-008,4.1 Critical findings,Section 4.1; table 'Critical findings'; row 'Model-detail gap' (P1),Add an indexable public model page template behind every View Details action,SOURCE_REQUIREMENT,P1,MISSING,/collections/{brand}/{model-sku}/ server-rendered template,Model detail template,Model publication state,NONE,YES,Every model card link resolves to a 200 canonical URL,B4,Blocking - otherwise catalogue links lead nowhere indexable
REQ-CSF-009,4.1 Critical findings,Section 4.1; table 'Critical findings'; row 'Thin GEO footprint' (P1),Add expert-led guides and factual brand/model pages so search and AI systems have citable material,SOURCE_REQUIREMENT,P1,MISSING,Resource hub plus article template plus content collection,Resources templates,Original content,OMIT_UNTIL_APPROVED,NO,Hub publishes with whatever approved articles exist,B5,Content volume does not block release
REQ-CSF-010,4.2 Domain decision,Section 4.2; callout table 'RECOMMENDATION: USE VEYORA.COM',Keep the non-production domain password-protected or noindex during development then 301 it after approval,SOURCE_REQUIREMENT,P0,MISSING,Basic auth plus X-Robots-Tag noindex on the RC host,Caddy,DECISION-01,CONFIGURABLE,YES,RC host returns 401 or noindex; production returns 200,B10,
REQ-CSF-011,4.3 Legacy migration,Section 4.3; list item 1,Export every indexed and linked legacy URL from Search Console; Bing; analytics; the old CMS and backlink tools,SOURCE_REQUIREMENT,P0,MISSING,Veyora-side export consolidated into a redirect source file,Process,GSC and Bing access,NONE,YES,Signed-off legacy URL inventory exists before cutover,B0,
REQ-CSF-012,4.3 Legacy migration,Section 4.3; list item 2,Map each valuable legacy URL one-to-one to its closest new equivalent; avoid sending every old URL to the homepage,SOURCE_REQUIREMENT,P0,MISSING,Reviewed redirect map with a per-row rationale,Redirect service,Legacy inventory,NONE,YES,Manual review plus destination-diversity check,B7,
REQ-CSF-013,4.3 Legacy migration,Section 4.3; list item 3,Implement and validate the five named minimum redirects including legacy product paths,SOURCE_REQUIREMENT,P0,MISSING,Seed rows in the redirects table,Redirect service,Legacy product slug to model SKU mapping,NONE,YES,Each named redirect returns 301 to the stated target,B7,
REQ-CSF-014,4.3 Legacy migration,Section 4.3; list item 4,Return 410 only where a removed URL has no meaningful replacement; preserve useful discontinued model pages with an unavailable notice and alternatives,SOURCE_REQUIREMENT,P1,MISSING,410 disposition supported in the redirects table; discontinued state on the model entity,Redirect service + Model detail,Discontinued flags,NONE,NO,Fixture tests for both dispositions,B7,
REQ-CSF-015,4.3 Legacy migration,Section 4.3; list item 5,Keep 301 redirects for at least one year and preferably indefinitely for durable product and brand URLs,SOURCE_REQUIREMENT,P1,MISSING,Redirect rows are permanent data with no expiry job,Redirect service,None,NONE,NO,Redirect table has no TTL and is covered by backup,B7,
REQ-CSF-016,4.4 Content decisions,Section 4.4; list item 1,Confirm the exact public brand list and whether Essedue and Kyme receive separate brand pages,SOURCE_REQUIREMENT,P1,MISSING,Publication flags per brand record,Brand entity,DECISION-03,CONFIGURABLE,NO,Brand routes generated from published records,B2,Ruling 8 - data-configurable
REQ-CSF-017,4.4 Content decisions,Section 4.4; list item 2,Confirm whether Extreme Next is a brand; sub-brand or collection and whether it belongs in this release,SOURCE_REQUIREMENT,P1,MISSING,Unpublished by default until approved,Brand entity,DECISION-04,CONFIGURABLE,NO,Record absent from published output unless flagged,B2,Ruling 9 - defaults to unpublished
REQ-CSF-018,4.4 Content decisions,Section 4.4; list item 3,Approve every quantitative claim including brand count; retailer reach; hub count; shipping speed; exchange period and warranty period with scope and exceptions,SOURCE_REQUIREMENT,P0,MISSING,Unapproved quantitative claims are omitted rather than shown,Content register,Veyora approvals,OMIT_UNTIL_APPROVED,NO,No unapproved quantitative claim renders,B8,Ruling 13 - omission permitted so not blocking
REQ-CSF-019,4.4 Content decisions,Section 4.4; list item 4,Confirm legal company name; headquarters address; service phone; sales email; support hours and approved social profiles,SOURCE_REQUIREMENT,P0,MISSING,Organisation record; optional fields omitted until approved,Organisation record,DECISION-10,BLOCKING_APPROVAL,YES,Legal company name present in footer and Organization schema,B8,Only the legal entity name is blocking; phone email hours and social may be omitted
REQ-CSF-020,4.4 Content decisions,Section 4.4; list item 5,Confirm whether public pages may state manufacturing countries; material compositions and component origins and at what level,SOURCE_REQUIREMENT,P0,MISSING,Separate origin fields with verification status; unverified values never render,Brand and model entities,DECISION-11,OMIT_UNTIL_APPROVED,NO,Publication gate blocks an unsourced origin or material claim,B2,Ruling 13 - unsupported origin claims are omitted
REQ-CSF-021,4.4 Content decisions,Section 4.4; list item 6,Confirm the final portal URL and whether B2B login opens on the same domain or an external authenticated application,SOURCE_REQUIREMENT,P0,MISSING,PORTAL_ORIGIN configuration consumed by every login control,Config + header/footer,DECISION-02,CONFIGURABLE,YES,No hard-coded portal URL; login handoff verified at cutover,B10,Blocking at cutover because portal continuity depends on it
REQ-OUT-001,5.1 Positioning statement,Section 5.1; callout table 'PUBLIC ENTITY DEFINITION',Publish one plain-language public entity definition of Veyora as a B2B eyewear distribution partner,SOURCE_REQUIREMENT,P0,MISSING,One sourced definition rendered on home; why-veyora and Organization schema,Organisation record,Approved wording,BLOCKING_APPROVAL,NO,Same string appears in all three places by construction,B3,Wording can start from the specification text
REQ-OUT-002,5.1 Positioning statement,Section 5.1; callout table 'PUBLIC ENTITY DEFINITION',All geographic; delivery; exchange and warranty details must reflect approved policies and visible qualifications,SOURCE_REQUIREMENT,P0,MISSING,Claim components require a linked policy record or they do not render,Policy entity,Approved policies,OMIT_UNTIL_APPROVED,YES,No claim renders without its qualification or policy link,B2,Blocking - publishing an unqualified claim would be false
REQ-OUT-003,5.2 Primary audiences,Section 5.2; table 'Primary audiences'; all rows,Serve six defined audience segments each with the stated primary conversion,SOURCE_REQUIREMENT,P1,MISSING,Audience modules and CTA routing per segment,Marketing templates,Approved audience copy,OMIT_UNTIL_APPROVED,NO,Content review that each segment has a stated path,B3,Six table rows merged - one requirement with six defined segments
REQ-OUT-004,5.3 Business goals,Section 5.3; list item 1,Optimise for qualified B2B account applications rather than generic consumer traffic,SOURCE_REQUIREMENT,P1,MISSING,Conversion hierarchy applied consistently; no consumer commerce affordances,IA + CTA system,None,NONE,NO,Review of CTA placement on every template,B3,
REQ-OUT-005,5.3 Business goals,Section 5.3; list item 2,Increase sales-contact conversions for groups; chains and private-label opportunities,SOURCE_REQUIREMENT,P1,MISSING,Contact and private-label enquiry paths with distinct events,Form service,None,NONE,NO,Analytics event coverage per intent,B6,
REQ-OUT-006,5.3 Business goals,Section 5.3; list item 3,Make Veyora and each brand discoverable by category; retailer need; geography; model and verified technical attributes,SOURCE_REQUIREMENT,P1,MISSING,Brand model and category routes with structured attributes,Catalogue templates,Model attribute data,OMIT_UNTIL_APPROVED,NO,Route inventory and attribute coverage report,B4,
REQ-OUT-007,5.3 Business goals,Section 5.3; list item 4,Create a public product-discovery layer while reserving pricing; real-time inventory and ordering for authenticated accounts,SOURCE_REQUIREMENT,P0,PARTIAL,Public serializer with an explicit allowlist; portal keeps all commerce,Public data surface,None,NONE,YES,Forbidden-key scan of every public output surface,B2,Existing guest catalogue already suppresses price and stock depth
REQ-OUT-008,5.3 Business goals,Section 5.3; list item 5,Build a content base citable by AI search experiences without relying on special GEO hacks,SOURCE_REQUIREMENT,P1,MISSING,Answer-first sections plus sourced facts plus structured data,Resources + templates,Original content,OMIT_UNTIL_APPROVED,NO,GEO page-pattern checklist per template,B5,
REQ-OUT-009,5.3 Business goals,Section 5.3; list item 6,Reduce sales friction by answering service; warranty; replenishment; private-label and onboarding questions before a form,SOURCE_REQUIREMENT,P1,MISSING,Service Model FAQ plus policy routes plus ordering guide,Service + policy templates,Approved policy answers,OMIT_UNTIL_APPROVED,NO,Content review,B5,
REQ-OUT-010,5.4 Conversion hierarchy,Section 5.4; list item 1,Request a B2B Account is the default primary CTA for independent retailers and ecommerce buyers,SOURCE_REQUIREMENT,P0,MISSING,Primary button style reserved for this action,CTA system,None,NONE,NO,Template review plus analytics event coverage,B3,
REQ-OUT-011,5.4 Conversion hierarchy,Section 5.4; list item 2,Contact Sales is the secondary CTA for questions; groups; chains and complex opportunities,SOURCE_REQUIREMENT,P0,MISSING,Text-link or ghost treatment beside the primary,CTA system,None,NONE,NO,Template review,B3,
REQ-OUT-012,5.4 Conversion hierarchy,Section 5.4; list item 3,Discuss Private Label is the primary CTA on the private-label page and related resources,SOURCE_REQUIREMENT,P1,MISSING,Intent-specific CTA and enquiry route,Private Label template,None,NONE,NO,Template review,B3,
REQ-OUT-013,5.4 Conversion hierarchy,Section 5.4; list item 4,B2B Login is a persistent utility action and must never compete visually with acquisition CTAs,SOURCE_REQUIREMENT,P0,MISSING,Bordered nav control at label scale; never the filled primary,Header,DECISION-02,CONFIGURABLE,NO,Rule that login never uses the primary button class,B1,
REQ-OUT-014,5.4 Conversion hierarchy,Section 5.4; list item 5,Explore Brands and View Details must lead to indexable public pages not only modals,SOURCE_REQUIREMENT,P0,MISSING,Real anchors to brand and model routes,Brand and model templates,Publication state,NONE,YES,Crawl test that every card link is an href resolving to 200,B4,
REQ-IA-001,6 IA and URL plan,Section 6; introductory paragraph,All public content must use clean; descriptive; lowercase URLs with hyphens and no hash fragments,SOURCE_REQUIREMENT,P0,MISSING,Slug generation enforced lowercase kebab; route table is the contract,Routing,Canonical slugs,NONE,NO,Route contract test rejecting uppercase underscores or fragments,B1,Requirement retained; production blocker carried by the non-duplicate row covering the same failure mode
REQ-IA-002,6 IA and URL plan,Section 6; table 'routes'; row 'Home',Home at / is indexable and presents wholesale eyewear distribution,SOURCE_REQUIREMENT,P0,MISSING,Server-rendered home route,Home template,Brand records,OMIT_UNTIL_APPROVED,YES,Route returns 200 with unique metadata,B3,
REQ-IA-003,6 IA and URL plan,Section 6; table 'routes'; row 'Why Veyora',Why Veyora at /why-veyora/ is indexable and covers company; mission; model and trust,SOURCE_REQUIREMENT,P0,MISSING,Prerendered route,Why Veyora template,Approved copy,OMIT_UNTIL_APPROVED,YES,Route returns 200 with unique metadata,B3,
REQ-IA-004,6 IA and URL plan,Section 6; table 'routes'; row 'Brands',Brands at /brands/ is indexable and supports portfolio discovery and comparison,SOURCE_REQUIREMENT,P0,MISSING,Server-rendered route,Brands index,Brand records,OMIT_UNTIL_APPROVED,YES,Route returns 200 with unique metadata,B4,
REQ-IA-005,6 IA and URL plan,Section 6; table 'routes'; row 'Collections',Collections at /collections/ is indexable and provides the public catalogue and filtering,SOURCE_REQUIREMENT,P0,MISSING,Server-rendered route with URL filter state,Collections index,Model records,NONE,YES,Route returns 200 with first result page in server HTML,B4,
REQ-IA-006,6 IA and URL plan,Section 6; table 'routes'; row 'Service Model',Service Model at /service-model/ is indexable and covers distribution service; warranty and portal,SOURCE_REQUIREMENT,P0,MISSING,Prerendered route,Service Model template,Policy records,OMIT_UNTIL_APPROVED,YES,Route returns 200 with unique metadata,B3,
REQ-IA-007,6 IA and URL plan,Section 6; table 'routes'; row 'Private Label',Private Label at /private-label/ is indexable and covers private-label eyewear programs,SOURCE_REQUIREMENT,P0,MISSING,Prerendered route,Private Label template,Approved copy,OMIT_UNTIL_APPROVED,YES,Route returns 200 with unique metadata,B3,
REQ-IA-008,6 IA and URL plan,Section 6; table 'routes'; row 'Global Presence',Global Presence at /global-presence/ is indexable and covers the distribution footprint,SOURCE_REQUIREMENT,P0,MISSING,Prerendered route,Global Presence template,Location records,NEUTRAL_WORDING,YES,Route returns 200 with unique metadata,B3,
REQ-IA-009,6 IA and URL plan,Section 6; table 'routes'; row 'Resources' (marked P1),Resources at /resources/ is indexable and supports retailer education and expertise,SOURCE_REQUIREMENT,P1,MISSING,Prerendered hub,Resources hub,Original content,OMIT_UNTIL_APPROVED,NO,Route returns 200,B5,Source marks this route P1
REQ-IA-010,6 IA and URL plan,Section 6; table 'routes'; row 'Contact Sales',Contact Sales at /contact/ is indexable and captures sales enquiries,SOURCE_REQUIREMENT,P0,MISSING,Prerendered route with server-handled form,Contact template,Consent wording,BLOCKING_APPROVAL,YES,Route returns 200 and submission persists,B6,
REQ-IA-011,6 IA and URL plan,Section 6; table 'routes'; row 'Request B2B',Request B2B at /request-b2b-account/ is indexable and captures B2B applications,SOURCE_REQUIREMENT,P0,MISSING,Prerendered route with server-handled form,Request B2B template,Consent wording,BLOCKING_APPROVAL,YES,Route returns 200 and submission persists,B6,
REQ-IA-012,6 IA and URL plan,Section 6; table 'routes'; row 'B2B Login',B2B Login points at the approved portal URL and is noindex if it sits on a public app route,SOURCE_REQUIREMENT,P0,MISSING,External link only; no public login route created,Header/footer,DECISION-02,CONFIGURABLE,YES,No login route appears in the public sitemap,B1,
REQ-IA-013,6 IA and URL plan,Section 6; table 'routes'; row 'Search',Internal search at /search/ is noindex follow,SOURCE_REQUIREMENT,P1,MISSING,Search route with robots noindex follow,Search template,Search index,NONE,NO,Meta asserts noindex follow; absent from sitemap,B5,
REQ-IA-014,6.1 Brand and model routes,Section 6.1; table 'Brand and model route pattern'; rows Spike Charlett Puro Laura Ferre Liv London Liv London Kids Extreme (all marked Required),Create brand routes at /brands/{slug}/ for the seven brands marked Required,SOURCE_REQUIREMENT,P0,MISSING,Routes generated from published brand records,Brand detail template,Brand copy,OMIT_UNTIL_APPROVED,YES,A route exists and returns 200 for each published required brand,B4,Seven identical Required rows merged into one requirement
REQ-IA-015,6.1 Brand and model routes,Section 6.1; table 'Brand and model route pattern'; rows Essedue and Kyme (Recommended separate page),Give Essedue and Kyme separate brand routes,SOURCE_REQUIREMENT,P1,MISSING,Publication flags allow either shape,Brand entity,DECISION-03,CONFIGURABLE,NO,Separate routes exist when the records are published,B4,Two identical Recommended rows merged; ruling 8
REQ-IA-016,6.1 Brand and model routes,Section 6.1; table 'Brand and model route pattern'; row 'Extreme Next',Create /brands/extreme-next/ only if approved for scope,SOURCE_REQUIREMENT,P2,MISSING,Unpublished by default,Brand entity,DECISION-04,CONFIGURABLE,NO,Record absent unless explicitly published,B4,Ruling 9
REQ-IA-017,6.1 Brand and model routes,Section 6.1; table 'Brand and model route pattern'; row 'Model detail',Model detail uses /collections/{brand}/{model-sku}/ with one public URL per model not per colour,SOURCE_REQUIREMENT,P0,MISSING,Colour selection is client state on one canonical URL,Model detail template,Canonical slug per model,NONE,YES,Colour selection changes no URL path and emits no alternate canonical,B4,
REQ-IA-018,6.2 Navigation,Section 6.2; paragraph 1,Primary navigation is Why Veyora; Brands; Collections; Service Model; Private Label; Global Presence; Contact,SOURCE_REQUIREMENT,P0,MISSING,Header navigation from one navigation config,Header,None,NONE,NO,Snapshot test of navigation items and destinations,B1,
REQ-IA-019,6.2 Navigation,Section 6.2; paragraph 2,Utility actions are B2B Login; Contact Sales; Request B2B Account,SOURCE_REQUIREMENT,P0,MISSING,Utility cluster in the header,Header,DECISION-02,CONFIGURABLE,NO,Snapshot test,B1,
REQ-IA-020,6.2 Navigation,Section 6.2; paragraph 3,Footer-only or secondary items are Resources; ordering guide; shipping; warranty and exchanges; accessibility; privacy; terms; HTML sitemap; social profiles,SOURCE_REQUIREMENT,P0,MISSING,Four-column footer plus legal row,Footer,Policy routes exist,OMIT_UNTIL_APPROVED,NO,No footer link returns non-200 or targets the current page,B1,Social profiles may be omitted per ruling 13
REQ-IA-021,6.2 Navigation,Section 6.2; paragraph 4,Mobile uses the same information architecture with Request B2B Account and B2B Login visible without obscuring content,SOURCE_REQUIREMENT,P0,MISSING,Editorial full-height menu overlay with persistent utility actions,Mobile navigation,None,NONE,YES,Responsive and accessibility test at 375 and 414,B1,
REQ-IA-022,6.3 Route and indexing rules,Section 6.3; list item 1,Every navigation and card link must be a real HTML anchor followable without a click handler,SOURCE_REQUIREMENT,P0,MISSING,Anchors everywhere; JavaScript as enhancement only,All templates,None,NONE,YES,Crawl with JavaScript disabled reaches every route,B1,
REQ-IA-023,6.3 Route and indexing rules,Section 6.3; list item 2,Do not use fragments to represent pages; catalogue pagination; filters or tabs,SOURCE_REQUIREMENT,P0,MISSING,Query parameters for state; paths for pages,Routing,None,NONE,YES,Route contract test,B1,
REQ-IA-024,6.3 Route and indexing rules,Section 6.3; list item 3,Use query parameters for user-selected filters and sorting then apply the faceted-indexing policy,SOURCE_REQUIREMENT,P0,MISSING,URL-driven filter state with shareable links,Collections template,None,NONE,NO,Filter change updates the URL; deep link restores state,B4,Requirement retained; production blocker carried by the non-duplicate row covering the same failure mode
REQ-IA-025,6.3 Route and indexing rules,Section 6.3; list item 4,Use one model page with selectable colour variants; do not create near-duplicate indexable URLs per colour,SOURCE_REQUIREMENT,P0,MISSING,Single canonical model URL,Model detail,Canonical slugs,NONE,YES,URL invariance test across colour selection,B4,
REQ-IA-026,6.3 Route and indexing rules,Section 6.3; list item 5,Breadcrumbs are required on every page below the first navigation level and must match the URL hierarchy,SOURCE_REQUIREMENT,P0,MISSING,Breadcrumb component derived from the route tree,Breadcrumb component,None,NONE,NO,Visible breadcrumb equals BreadcrumbList equals URL path,B1,
REQ-IA-027,6.3 Route and indexing rules,Section 6.3; list item 6,The portal; account settings; carts; internal search results and duplicate parameter states must not enter the XML sitemap,SOURCE_REQUIREMENT,P0,MISSING,Sitemap generated only from published canonical records,Sitemap service,Publication state,NONE,NO,Sitemap test asserting excluded patterns are absent,B7,
REQ-GC-001,7.1 Header,Section 7.1; list item 1,Preserve the live header treatment; typography; logo behaviour; motion and responsive adaptation,SOURCE_REQUIREMENT,P0,PARTIAL,Extend the sticky blurred ivory bar,Header,None,NONE,NO,Visual regression against baseline,B1,
REQ-GC-002,7.1 Header,Section 7.1; list item 2,Implement the full primary navigation and the three utility actions,SOURCE_REQUIREMENT,P0,MISSING,Navigation config drives both clusters,Header,DECISION-02,CONFIGURABLE,NO,Snapshot test,B1,
REQ-GC-003,7.1 Header,Section 7.1; list item 3,Show an active state for the current section and an accessible focus state for keyboard users,SOURCE_REQUIREMENT,P0,MISSING,aria-current plus a designed focus ring token,Header,None,NONE,YES,Keyboard walkthrough plus automated focus-visibility check,B1,Blocking - focus visibility is a core-journey accessibility failure
REQ-GC-004,7.1 Header,Section 7.1; list item 4,Use a sticky header only if already part of the approved design and ensure it does not cover anchored headings or consume excessive mobile space,SOURCE_REQUIREMENT,P0,COMPLETE,Keep sticky; add scroll-margin-top to headings,Header,None,NONE,NO,Anchor-jump test at 375 and 1440,B1,Sticky header already exists in the approved design
REQ-GC-005,7.1 Header,Section 7.1; list item 5,B2B Login may open the portal but Contact Sales and Request B2B Account must use the public routes,SOURCE_REQUIREMENT,P0,MISSING,Config-driven login; public routes for both forms,Header,DECISION-02,CONFIGURABLE,NO,Link destination test,B1,
REQ-GC-006,7.2 Footer,Section 7.2; list item 1,Footer column 1 carries the Veyora entity summary and approved service footprint,SOURCE_REQUIREMENT,P0,MISSING,Footer column from the organisation record,Footer,Approved footprint wording,NEUTRAL_WORDING,NO,Content review,B1,
REQ-GC-007,7.2 Footer,Section 7.2; list item 2,Footer column 2 carries Why Veyora; Brands; Collections; Service Model; Private Label and Global Presence,SOURCE_REQUIREMENT,P0,MISSING,Navigation config,Footer,None,NONE,NO,Snapshot test,B1,
REQ-GC-008,7.2 Footer,Section 7.2; list item 3,Footer column 3 carries B2B Portal; Request B2B Account; ordering guide; shipping; warranty/exchanges and resources,SOURCE_REQUIREMENT,P0,MISSING,Navigation config,Footer,Policy routes exist,NONE,NO,Snapshot test,B1,
REQ-GC-009,7.2 Footer,Section 7.2; list item 4,Footer column 4 carries approved sales email; phone/WhatsApp if applicable; business hours; regions and social profiles,SOURCE_REQUIREMENT,P0,MISSING,Organisation record; unapproved entries omitted,Footer,DECISION-10,OMIT_UNTIL_APPROVED,NO,Omitted entries leave no empty affordance,B1,Ruling 13 - optional social links may be omitted
REQ-GC-010,7.2 Footer,Section 7.2; list item 5,Legal row carries legal company name; dynamic copyright year; privacy; terms; accessibility and cookie preferences if applicable,SOURCE_REQUIREMENT,P0,PARTIAL,Extend the existing legal row,Footer,DECISION-10 and DECISION-18,BLOCKING_APPROVAL,YES,Legal name and privacy and terms links present,B1,Blocking - mandatory legal content
REQ-GC-011,7.3 Reusable modules,Section 7.3; table 'Reusable modules'; row 'Hero',Hero carries a kicker; one H1; supporting copy; one primary CTA; an optional secondary CTA and meaningful media,SOURCE_REQUIREMENT,P0,PARTIAL,Generalise the editorial hero into a shared component,Hero component,Per-route copy and imagery,OMIT_UNTIL_APPROVED,NO,Component test asserting exactly one H1,B1,
REQ-GC-012,7.3 Reusable modules,Section 7.3; table 'Reusable modules'; row 'Proof strip',Proof strip carries three to five verified facts qualifying time; geography and policy limitations,SOURCE_REQUIREMENT,P0,MISSING,Component requiring a policy link or qualification per fact; renders with fewer items if facts are pending,Proof strip component,Approved facts,OMIT_UNTIL_APPROVED,NO,No proof item renders without a qualification or policy link,B3,Ruling 13 - renders with fewer items rather than blocking
REQ-GC-013,7.3 Reusable modules,Section 7.3; table 'Reusable modules'; row 'Benefit cards',Benefit cards carry a concise outcome-led heading and one supporting sentence at a semantic heading level,SOURCE_REQUIREMENT,P0,PARTIAL,Extend the value strip pattern,Benefit component,Copy,OMIT_UNTIL_APPROVED,NO,Heading-order test,B3,
REQ-GC-014,7.3 Reusable modules,Section 7.3; table 'Reusable modules'; row 'Brand cards',Brand cards carry logo/image; brand name; segment; a unique summary and a crawlable View Brand link,SOURCE_REQUIREMENT,P0,MISSING,Editorial brand card with hairline separation,Brand card component,Brand records,OMIT_UNTIL_APPROVED,NO,No two brand summaries are identical,B4,
REQ-GC-015,7.3 Reusable modules,Section 7.3; table 'Reusable modules'; row 'Model cards',Model cards carry product image; model/SKU; brand; key category and a crawlable View Details link,SOURCE_REQUIREMENT,P0,PARTIAL,Editorial model card without badges favourites or order controls,Model card component,Model records,NONE,NO,Crawl test that every card link resolves,B4,
REQ-GC-016,7.3 Reusable modules,Section 7.3; table 'Reusable modules'; row 'CTA band',CTA band carries one action-led statement with primary and secondary actions and avoids repetitive generic wording,SOURCE_REQUIREMENT,P0,PARTIAL,Generalise the closing CTA; per-route copy required,CTA band component,Copy,OMIT_UNTIL_APPROVED,NO,CTA copy is not duplicated across routes,B3,
REQ-GC-017,7.3 Reusable modules,Section 7.3; table 'Reusable modules'; row 'Accordion',Accordion uses a button with aria-expanded and aria-controls; content remains present in HTML and keyboard accessible,SOURCE_REQUIREMENT,P0,MISSING,Progressive-enhancement accordion; content always in the DOM,Accordion component,Copy,NONE,YES,Axe check plus panel text present with JavaScript disabled,B3,Blocking - keyboard operability of a core journey
REQ-GC-018,7.3 Reusable modules,Section 7.3; table 'Reusable modules'; row 'Filters',Filters use fieldset/legend or labelled controls with a selected-state summary; a clear-all action and shareable URL state,SOURCE_REQUIREMENT,P0,PARTIAL,Rebuild in editorial language with URL state,Filter component,Facet data,NONE,YES,Axe plus keyboard plus deep-link tests,B4,Blocking - keyboard operability of a core journey
REQ-GC-019,7.3 Reusable modules,Section 7.3; table 'Reusable modules'; row 'Form',Form carries persistent labels; inline validation; an error summary; consent copy; a success state and CRM handoff,SOURCE_REQUIREMENT,P0,MISSING,Shared form component with server-side validation,Form component,Consent wording,BLOCKING_APPROVAL,YES,Axe plus end-to-end submission tests,B6,
REQ-GC-020,7.3 Reusable modules,Section 7.3; table 'Reusable modules'; row 'Portal preview',Portal preview is a public visual demonstration only with no fabricated real-time numbers presented as live data,SOURCE_REQUIREMENT,P0,MISSING,Static labelled demo imagery,Portal preview component,Approved screenshots,OMIT_UNTIL_APPROVED,NO,All figures labelled demo data; module omitted if imagery is pending,B3,
REQ-GC-021,7.4 Image and art direction,Section 7.4; list item 1,Preserve premium photographic and graphic art direction and replace every placeholder with an approved asset,SOURCE_REQUIREMENT,P0,PARTIAL,Reuse approved photography; omit a module rather than ship a placeholder image,Media pipeline,Approved assets,OMIT_UNTIL_APPROVED,NO,No placeholder image renders,B3,
REQ-GC-022,7.4 Image and art direction,Section 7.4; list item 2,Every meaningful image requires concise contextual alt text; decorative images use empty alt; never repeat keywords mechanically,SOURCE_REQUIREMENT,P0,PARTIAL,Alt text as a required field on media records,Media pipeline,Alt text,NONE,YES,No meaningful image lacks alt text,B3,Blocking - accessibility failure on core content
REQ-GC-023,7.4 Image and art direction,Section 7.4; list item 3,Use descriptive filenames; responsive srcset/sizes; explicit width and height; AVIF/WebP with fallback and CDN caching,SOURCE_REQUIREMENT,P0,PARTIAL,Build-time responsive derivatives plus long-lived cache headers,Media pipeline,Source assets,NONE,NO,Every content image emits srcset sizes width and height,B7,CDN is configurable and not blocking
REQ-GC-024,7.4 Image and art direction,Section 7.4; list item 4,Prioritise the hero image when it is the LCP element and lazy-load below-fold media without requiring interaction,SOURCE_REQUIREMENT,P0,PARTIAL,Apply the existing homepage discipline to every template,Media pipeline,None,NONE,NO,LCP element check per route,B7,
REQ-GC-025,7.4 Image and art direction,Section 7.4; list item 5,Product imagery uses a consistent front or three-quarter view plus colour/angle detail; each variant image maps to the correct SKU/colour code,SOURCE_REQUIREMENT,P0,PARTIAL,Variant media mapping with an explicit colour code,Model entity,Photography audit,OMIT_UNTIL_APPROVED,NO,Every published variant has a mapped image or is not published,B2,
REQ-HOME-001,8.1 Homepage module order,Section 8.1; list item 1,Hero with the specified H1; a short entity-defining paragraph; Request B2B Account and Contact Sales CTAs and an approved campaign visual,SOURCE_REQUIREMENT,P0,PARTIAL,Extend the editorial hero with the specified copy and both CTAs,Home template,Approved H1 copy,OMIT_UNTIL_APPROVED,NO,Route test asserts the H1 and both CTA destinations,B3,
REQ-HOME-002,8.1 Homepage module order,Section 8.1; list item 2,Proof strip with brand count; active markets; shipping promise; B2B platform and warranty; every claim carrying scope or a policy link,SOURCE_REQUIREMENT,P0,MISSING,Proof strip renders only the facts that are approved and qualified,Home template,Approved facts,OMIT_UNTIL_APPROVED,NO,No unqualified claim renders,B3,Ruling 13 - unapproved items omitted rather than placeheld
REQ-HOME-003,8.1 Homepage module order,Section 8.1; list item 3,Why Veyora block with four benefits covering curated portfolio; replenishment; lower inventory risk and digital B2B control,SOURCE_REQUIREMENT,P0,MISSING,Benefit module,Home template,Copy,OMIT_UNTIL_APPROVED,NO,Content review,B3,
REQ-HOME-004,8.1 Homepage module order,Section 8.1; list item 4,Brand portfolio showing all approved brands with distinct segment labels and crawlable links to brand pages,SOURCE_REQUIREMENT,P0,MISSING,Brand card grid from published records,Home template,Brand records,CONFIGURABLE,NO,Every published brand is linked within two clicks of root,B4,
REQ-HOME-005,8.1 Homepage module order,Section 8.1; list item 5,Commercial architecture covering opening price; core commercial; fashion/segment play and premium Italy followed by service proof points,SOURCE_REQUIREMENT,P1,MISSING,Segment module using approved public tier labels only,Home template,Approved tier labels,OMIT_UNTIL_APPROVED,NO,No internal wholesale figure appears,B3,
REQ-HOME-006,8.1 Homepage module order,Section 8.1; list item 6,B2B portal preview covering inventory visibility; ordering; tracking; promotions/resources; documents/reporting and user management,SOURCE_REQUIREMENT,P1,MISSING,Portal preview component with labelled demo imagery,Home template,Approved screenshots,OMIT_UNTIL_APPROVED,NO,No confidential data appears; module omitted if imagery is pending,B3,
REQ-HOME-007,8.1 Homepage module order,Section 8.1; list item 7,Closing CTA and complete global footer,SOURCE_REQUIREMENT,P0,PARTIAL,Extend both,Home template,Footer content,NONE,NO,Snapshot test,B3,
REQ-HOME-008,8.2 Homepage enhancements,Section 8.2; list item 1,Place a plain-language 40-80 word What Veyora does answer within the first two content blocks,SOURCE_REQUIREMENT,P1,MISSING,Answer-first block after the hero,Home template,Approved definition,OMIT_UNTIL_APPROVED,NO,Word-count assertion 40-80,B3,Source labels this an enhancement
REQ-HOME-009,8.2 Homepage enhancements,Section 8.2; list item 2,Add a credibility strip only after facts are approved; avoid unverified customer counts or superlatives,SOURCE_REQUIREMENT,P1,MISSING,Module present but unpublished until approved,Home template,Approved facts,OMIT_UNTIL_APPROVED,NO,No unverified count or superlative renders,B3,
REQ-HOME-010,8.2 Homepage enhancements,Section 8.2; list item 3,Brand cards must contain real copy rather than repeated generic labels and the homepage must link every core brand page within two clicks,SOURCE_REQUIREMENT,P0,MISSING,Uniqueness constraint on brand summaries,Home template,Brand copy,OMIT_UNTIL_APPROVED,NO,Duplicate-copy detection across brand cards,B4,
REQ-HOME-011,8.2 Homepage enhancements,Section 8.2; list item 4,Do not turn the homepage into a full catalogue; show a representative portfolio and lead users to Brands or Collections,SOURCE_REQUIREMENT,P1,MISSING,Cap the homepage brand and product counts,Home template,None,NONE,NO,Template review,B3,
REQ-HOME-012,8.2.1 Homepage search package,Section 8.2.1; table 'Search package'; rows Canonical route Title Meta description H1 Primary intent,Home metadata package: canonical / with the specified title; meta description; H1 and primary intent,SOURCE_REQUIREMENT,P0,MISSING,Route metadata record seeded from the specification values,Metadata service,Approved copy,NONE,NO,Metadata test plus cross-route uniqueness,B3,Five table rows merged into one metadata package
REQ-HOME-013,8.2.1 Homepage search package,Section 8.2.1; table 'Search package'; row 'Schema',Home emits Organization + WebSite + WebPage; SearchAction only if a functional public site search exists,SOURCE_REQUIREMENT,P0,MISSING,Schema builder,Schema builder,Organisation record,BLOCKING_APPROVAL,NO,Schema validation plus DOM equality,B7,
REQ-HOME-014,8.2.2 Homepage acceptance,Section 8.2.2; list item 1,Primary value proposition and both acquisition CTAs are visible without relying on animation,SOURCE_ACCEPTANCE_CRITERION,P0,MISSING,No entrance animation is used,Home template,None,NONE,NO,Static HTML inspection,B9,
REQ-HOME-015,8.2.2 Homepage acceptance,Section 8.2.2; list item 2,All brand cards and the Brands CTA use crawlable links,SOURCE_ACCEPTANCE_CRITERION,P0,MISSING,Anchors only,Home template,None,NONE,NO,Crawl test,B9,Requirement retained; production blocker carried by the non-duplicate row covering the same failure mode
REQ-HOME-016,8.2.2 Homepage acceptance,Section 8.2.2; list item 3,Every quantitative or service claim links to or is consistent with the relevant policy page,SOURCE_ACCEPTANCE_CRITERION,P0,MISSING,Claim component requires a policy reference,Home template,Policy records,OMIT_UNTIL_APPROVED,NO,Build gate on unlinked claims,B9,Requirement retained; production blocker carried by the non-duplicate row covering the same failure mode
REQ-HOME-017,8.2.2 Homepage acceptance,Section 8.2.2; list item 4,Page contains one H1 and a logical H2/H3 hierarchy,SOURCE_ACCEPTANCE_CRITERION,P0,PARTIAL,Heading-order lint,Home template,None,NONE,NO,Automated heading-order test,B9,
REQ-HOME-018,8.2.2 Homepage acceptance,Section 8.2.2; list item 5,Core text and metadata are present in the initial HTML response,SOURCE_ACCEPTANCE_CRITERION,P0,MISSING,Server rendering,Home template,None,NONE,NO,curl assertion,B9,Requirement retained; production blocker carried by the non-duplicate row covering the same failure mode
REQ-WHY-001,9.1 Why Veyora module order,Section 9.1; list item 1,Hero with international distribution positioning; supporting paragraph; both CTAs and an approved company visual,SOURCE_REQUIREMENT,P0,MISSING,Shared hero,Why Veyora template,Copy and imagery,OMIT_UNTIL_APPROVED,NO,Route test,B3,
REQ-WHY-002,9.1 Why Veyora module order,Section 9.1; list item 2,Mission and vision as concise approved statements avoiding generic language,SOURCE_REQUIREMENT,P1,MISSING,Content block; omitted until approved,Why Veyora template,Approved statements,OMIT_UNTIL_APPROVED,NO,Content review,B3,
REQ-WHY-003,9.1 Why Veyora module order,Section 9.1; list item 3,Footprint covering Italy; New York and Montreal service/support roles with a clear link to Global Presence,SOURCE_REQUIREMENT,P0,MISSING,Location summary sourced from location records with neutral wording,Why Veyora template,Location records,NEUTRAL_WORDING,NO,Link present; no function claimed without approval,B3,Rulings 5 and 6; note the source conflicts with section 16.1 which names Germany
REQ-WHY-004,9.1 Why Veyora module order,Section 9.1; list item 4,Verified facts covering brand count; retailer footprint where approved; hub count and shipping standard with scope,SOURCE_REQUIREMENT,P1,MISSING,Fact list rendering only approved values,Why Veyora template,Approved facts,OMIT_UNTIL_APPROVED,NO,No unapproved fact renders,B3,
REQ-WHY-005,9.1 Why Veyora module order,Section 9.1; list item 5,Who Veyora serves covering independent retailers; groups/chains; ecommerce retailers and adjacent channels,SOURCE_REQUIREMENT,P1,MISSING,Audience module,Why Veyora template,Copy,OMIT_UNTIL_APPROVED,NO,Content review,B3,
REQ-WHY-006,9.1 Why Veyora module order,Section 9.1; list item 6,Differentiators with complete crawlable accordion answers,SOURCE_REQUIREMENT,P0,MISSING,Accordion with content always in the DOM,Why Veyora template,Copy,OMIT_UNTIL_APPROVED,NO,Content present with JavaScript disabled,B3,
REQ-WHY-007,9.1 Why Veyora module order,Section 9.1; list item 7,Closing CTA to Request B2B Account and Contact Sales,SOURCE_REQUIREMENT,P0,MISSING,CTA band,Why Veyora template,None,NONE,NO,Snapshot test,B3,
REQ-WHY-008,9.2 Why Veyora enhancements,Section 9.2; list item 1,Add a company facts block covering legal name; year established if approved; headquarters; regions served; official contact and social profiles,SOURCE_REQUIREMENT,P1,MISSING,Organisation record rendering; unapproved entries omitted,Why Veyora template,DECISION-10,OMIT_UNTIL_APPROVED,NO,Omitted entries leave no empty affordance,B3,
REQ-WHY-009,9.2 Why Veyora enhancements,Section 9.2; list item 2,Add named leadership or functional-team information only if Veyora approves public biographies,SOURCE_REQUIREMENT,P2,MISSING,Optional module default off,Why Veyora template,Approval,OMIT_UNTIL_APPROVED,NO,Not published unless flagged,B5,
REQ-WHY-010,9.2 Why Veyora enhancements,Section 9.2; list item 3,Explain what each hub does; do not imply that every location is a warehouse if it is a sales; service or support office,SOURCE_REQUIREMENT,P0,MISSING,Location type is a required enumerated field before any function is claimed,Location entity,DECISION-12,NEUTRAL_WORDING,YES,No page claims a location function without an approved value,B3,Ruling 6 - blocking only where a page explicitly claims a function
REQ-WHY-011,9.2 Why Veyora enhancements,Section 9.2; list item 4,Link all geography claims to Global Presence and all service claims to Service Model or policy pages,SOURCE_REQUIREMENT,P0,MISSING,Claim components carry references,Why Veyora template,Policy records,NONE,NO,Link presence test,B3,
REQ-WHY-012,9.2.1 Why Veyora search package,Section 9.2.1; table 'Search package'; rows Canonical route Title Meta description H1 Primary intent,Why Veyora metadata package: canonical /why-veyora/ with the specified title; description; H1 and intent,SOURCE_REQUIREMENT,P0,MISSING,Route metadata record,Metadata service,Copy,NONE,NO,Metadata test plus uniqueness,B3,Five table rows merged
REQ-WHY-013,9.2.1 Why Veyora search package,Section 9.2.1; table 'Search package'; row 'Schema',Why Veyora emits AboutPage + Organization + BreadcrumbList,SOURCE_REQUIREMENT,P0,MISSING,Schema builder,Schema builder,Organisation record,BLOCKING_APPROVAL,NO,Schema validation plus DOM equality,B7,
REQ-WHY-014,9.2.2 Why Veyora acceptance,Section 9.2.2; list item 1,Mission; vision; footprint and audience modules follow the wireframe hierarchy,SOURCE_ACCEPTANCE_CRITERION,P1,MISSING,Module order per the written list,Why Veyora template,None,NONE,NO,Template review,B9,
REQ-WHY-015,9.2.2 Why Veyora acceptance,Section 9.2.2; list item 2,Every location and numerical claim is approved and accurately labelled,SOURCE_ACCEPTANCE_CRITERION,P0,MISSING,Publication gate,Why Veyora template,Approvals,OMIT_UNTIL_APPROVED,NO,No unapproved claim renders,B9,Requirement retained; production blocker carried by the non-duplicate row covering the same failure mode
REQ-WHY-016,9.2.2 Why Veyora acceptance,Section 9.2.2; list item 3,Accordion content is in the DOM and usable without a mouse,SOURCE_ACCEPTANCE_CRITERION,P0,MISSING,Progressive enhancement,Accordion component,None,NONE,NO,Keyboard and JavaScript-disabled tests,B9,Requirement retained; production blocker carried by the non-duplicate row covering the same failure mode
REQ-WHY-017,9.2.2 Why Veyora acceptance,Section 9.2.2; list item 4,Global Presence has a crawlable link and is not a dead navigation item,SOURCE_ACCEPTANCE_CRITERION,P0,MISSING,Real route,Navigation,None,NONE,NO,Crawl test,B9,Requirement retained; production blocker carried by the non-duplicate row covering the same failure mode
REQ-BRX-001,10.1 Brands index module order,Section 10.1; list item 1,Hero with a portfolio-architecture message; Explore Brands and Contact Sales actions and an approved portfolio visual,SOURCE_REQUIREMENT,P0,MISSING,Shared hero,Brands index,Copy and imagery,OMIT_UNTIL_APPROVED,NO,Route test,B4,
REQ-BRX-002,10.1 Brands index module order,Section 10.1; list item 2,Segment filters for All Brands; Value; Core Optical; Fashion; Kids; Performance and Premium Italy without hiding content from crawlers or creating uncontrolled indexable URLs,SOURCE_REQUIREMENT,P0,MISSING,Full list rendered server-side; filtered states are noindex,Brands index,Segment taxonomy,CONFIGURABLE,YES,Crawl sees all brands unfiltered; filtered states are noindex,B4,
REQ-BRX-003,10.1 Brands index module order,Section 10.1; list item 3,Brand grid with a unique card per approved brand carrying name; segment; one-sentence differentiation; image/logo and View Brand link,SOURCE_REQUIREMENT,P0,MISSING,Brand card grid,Brands index,Brand records,OMIT_UNTIL_APPROVED,NO,Uniqueness and crawl tests,B4,
REQ-BRX-004,10.1 Brands index module order,Section 10.1; list item 4,Portfolio architecture module explaining how each segment supports a retailer role,SOURCE_REQUIREMENT,P1,MISSING,Content block,Brands index,Copy,OMIT_UNTIL_APPROVED,NO,Content review,B4,
REQ-BRX-005,10.1 Brands index module order,Section 10.1; list item 5,Comparison of brand; role; audience; verified style direction; approved price-tier label and best retail fit,SOURCE_REQUIREMENT,P1,MISSING,Accessible comparison table reflowing on mobile,Brands index,Approved tier labels,OMIT_UNTIL_APPROVED,NO,Responsive table test,B4,
REQ-BRX-006,10.1 Brands index module order,Section 10.1; list item 6,Closing CTA for assortment consultation and B2B application,SOURCE_REQUIREMENT,P0,MISSING,CTA band,Brands index,Copy,NONE,NO,Snapshot test,B4,
REQ-BRX-007,10.2 Brand-page decision,Section 10.2; callout table 'SEPARATE ESSEDUE AND KYME FOR SEARCH',Create separate indexable Essedue and Kyme pages with their own history; positioning; craftsmanship; models; imagery and metadata,SOURCE_REQUIREMENT,P1,MISSING,Supported by the brand entity; publication depends on the decision,Brand entity,DECISION-03,CONFIGURABLE,NO,Separate routes exist with unique content when published,B4,Ruling 8
REQ-BRX-008,10.3 Brands content rules,Section 10.3; list item 1,Replace placeholder tier notation with approved public labels; do not publish internal wholesale figures unless expressly approved,SOURCE_REQUIREMENT,P0,MISSING,Public tier label field distinct from any internal price,Brand entity,Approved labels,OMIT_UNTIL_APPROVED,YES,No numeric wholesale value appears in public HTML or schema,B2,Blocking - internal pricing exposure
REQ-BRX-009,10.3 Brands content rules,Section 10.3; list item 2,Do not use the same description for multiple brands; each page needs unique evidence,SOURCE_REQUIREMENT,P0,MISSING,Uniqueness constraint plus review,Brand entity,Brand copy,OMIT_UNTIL_APPROVED,NO,Duplicate-detection test,B4,
REQ-BRX-010,10.3 Brands content rules,Section 10.3; list item 3,If the public claim remains eight brands the displayed entities must equal eight; update the claim and every downstream reference if that changes,SOURCE_REQUIREMENT,P1,MISSING,Count derived from published records and never hard-coded,Brand entity,DECISION-03,CONFIGURABLE,NO,Automated consistency test across every surface,B4,Ruling 7
REQ-BRX-011,10.3 Brands content rules,Section 10.3; list item 4,Add Extreme Next only after its status is confirmed and only if it is bought as a distinct brand,SOURCE_REQUIREMENT,P2,MISSING,Publication flag default off,Brand entity,DECISION-04,CONFIGURABLE,NO,Record absent unless published,B4,Ruling 9
REQ-BRX-012,10.3.1 Brands search package,Section 10.3.1; table 'Search package'; rows Canonical route Title Meta description H1 Primary intent,Brands index metadata package: canonical /brands/ with the specified title; description; H1 and intent,SOURCE_REQUIREMENT,P0,MISSING,Route metadata record,Metadata service,Copy,NONE,NO,Metadata test plus uniqueness,B4,Five table rows merged
REQ-BRX-013,10.3.1 Brands search package,Section 10.3.1; table 'Search package'; row 'Schema',Brands index emits CollectionPage + ItemList + BreadcrumbList,SOURCE_REQUIREMENT,P0,MISSING,Schema builder,Schema builder,Brand records,NONE,NO,Schema-to-DOM equality,B7,
REQ-BRX-014,10.3.2 Brands acceptance,Section 10.3.2; list item 1,Every approved brand has a distinct crawlable detail page,SOURCE_ACCEPTANCE_CRITERION,P0,MISSING,Generated routes,Brands index,Brand records,CONFIGURABLE,YES,Crawl test,B9,
REQ-BRX-015,10.3.2 Brands acceptance,Section 10.3.2; list item 2,Filter controls work by keyboard and expose selected state to assistive technology,SOURCE_ACCEPTANCE_CRITERION,P0,MISSING,Accessible filter component,Filter component,None,NONE,NO,Axe plus keyboard test,B9,Requirement retained; production blocker carried by the non-duplicate row covering the same failure mode
REQ-BRX-016,10.3.2 Brands acceptance,Section 10.3.2; list item 3,Brand comparison contains approved non-placeholder facts,SOURCE_ACCEPTANCE_CRITERION,P0,MISSING,Unapproved rows omitted,Brands index,Approvals,OMIT_UNTIL_APPROVED,NO,No placeholder value renders,B9,
REQ-BRX-017,10.3.2 Brands acceptance,Section 10.3.2; list item 4,Brand count is consistent across homepage; company page; brands page and structured data,SOURCE_ACCEPTANCE_CRITERION,P0,MISSING,Single derived value,Brand entity,DECISION-03,CONFIGURABLE,NO,Automated consistency test,B9,Ruling 7 makes this mechanical
REQ-BRD-001,11.1 Brand detail module order,Section 11.1; list item 1,Breadcrumbs Home > Brands > Brand name,SOURCE_REQUIREMENT,P0,MISSING,Breadcrumb component,Brand detail,None,NONE,NO,Breadcrumb equals URL equals schema,B4,
REQ-BRD-002,11.1 Brand detail module order,Section 11.1; list item 2,Hero with brand name; distinctive positioning statement; approved description; Contact Sales and Request B2B action and campaign image,SOURCE_REQUIREMENT,P0,MISSING,Shared hero,Brand detail,Brand copy and imagery,OMIT_UNTIL_APPROVED,NO,Route test,B4,
REQ-BRD-003,11.1 Brand detail module order,Section 11.1; list item 3,Brand facts covering segment; ideal retailer; optical/sun availability and approved price-tier label,SOURCE_REQUIREMENT,P0,MISSING,Fact list from the brand record,Brand detail,Approved labels,OMIT_UNTIL_APPROVED,NO,No unapproved fact renders,B4,
REQ-BRD-004,11.1 Brand detail module order,Section 11.1; list item 4,Brand story as a substantive unique explanation with a concise benefit list,SOURCE_REQUIREMENT,P0,MISSING,Long-form field,Brand detail,Brand copy,OMIT_UNTIL_APPROVED,NO,Uniqueness and length review,B4,
REQ-BRD-005,11.1 Brand detail module order,Section 11.1; list item 5,Featured collections or bestsellers as public model cards with crawlable links stating that pricing and ordering require an approved B2B account,SOURCE_REQUIREMENT,P0,MISSING,Model card grid plus B2B notice,Brand detail,Featured model selection,NONE,NO,Crawl test plus notice presence,B4,Requirement retained; production blocker carried by the non-duplicate row covering the same failure mode
REQ-BRD-006,11.1 Brand detail module order,Section 11.1; list item 6,Best for: three specific retailer profiles or merchandising uses,SOURCE_REQUIREMENT,P1,MISSING,Content block,Brand detail,Copy,OMIT_UNTIL_APPROVED,NO,Content review,B4,
REQ-BRD-007,11.1 Brand detail module order,Section 11.1; list item 7,Style traits as approved descriptive attributes tied to visible products,SOURCE_REQUIREMENT,P1,MISSING,Structured trait list,Brand entity,Approved traits,OMIT_UNTIL_APPROVED,NO,Content review,B4,
REQ-BRD-008,11.1 Brand detail module order,Section 11.1; list item 8,Service benefits covering replenishment; exchanges; warranty and B2B ordering each linked to a full policy or service explanation,SOURCE_REQUIREMENT,P0,MISSING,Claim components with policy references,Brand detail,Policy records,OMIT_UNTIL_APPROVED,NO,Link presence test,B4,
REQ-BRD-009,11.1 Brand detail module order,Section 11.1; list item 9,Brand-specific CTA and full footer,SOURCE_REQUIREMENT,P0,MISSING,CTA band plus global footer,Brand detail,Copy,NONE,NO,Snapshot test,B4,
REQ-BRD-010,11.2 Brand copy and evidence rules,Section 11.2; list item 1,Create one content record per brand; do not clone one brand template and swap names,SOURCE_REQUIREMENT,P0,MISSING,Per-brand records with duplicate detection,Brand entity,Brand copy,OMIT_UNTIL_APPROVED,NO,Duplicate-detection test,B4,
REQ-BRD-011,11.2 Brand copy and evidence rules,Section 11.2; list item 2,Separate design origin; manufacturing country and component sourcing as distinct non-interchangeable claims,SOURCE_REQUIREMENT,P0,MISSING,Three separate fields each with its own verification status,Brand entity,DECISION-11,OMIT_UNTIL_APPROVED,YES,No origin claim renders without a source and approver,B2,Blocking - a conflated origin claim would be materially false
REQ-BRD-012,11.2 Brand copy and evidence rules,Section 11.2; list item 3,Make material claims at model level when the assortment varies; do not attribute one material to an entire brand unless every model supports it,SOURCE_REQUIREMENT,P0,MISSING,Material fields at model level; brand-level material requires an explicit all-models flag,Brand and model entities,Verified material data,OMIT_UNTIL_APPROVED,YES,No brand-level material claim without the all-models flag,B2,Blocking - a false material claim
REQ-BRD-013,11.2 Brand copy and evidence rules,Section 11.2; list item 4,Charlett background information may be used only after final content review and each statement must be confirmed before publication,SOURCE_REQUIREMENT,P0,MISSING,Held as an unpublished draft with source references,Brand entity,DECISION-11,OMIT_UNTIL_APPROVED,NO,Not published without reviewer sign-off,B4,
REQ-BRD-014,11.2 Brand copy and evidence rules,Section 11.2; list item 5,Essedue and Kyme use verified brand-specific craftsmanship; manufacturing and material information and must not be merged,SOURCE_REQUIREMENT,P1,MISSING,Separate records,Brand entity,DECISION-03 and verified data,OMIT_UNTIL_APPROVED,NO,Duplicate-detection plus review,B4,
REQ-BRD-015,11.2 Brand copy and evidence rules,Section 11.2; list item 6,Include a Last reviewed date and internal source/reference fields for technical and origin statements,SOURCE_REQUIREMENT,P0,MISSING,Governance fields on brand and model,Brand and model entities,None,NONE,NO,Publication blocked when governance fields are empty,B2,
REQ-BRD-016,11.2.1 Brand detail search package,Section 11.2.1; table 'Search package'; rows Canonical route Title Meta description H1 Primary intent,Brand detail metadata package: canonical /brands/{brand-slug}/ with templated title; description; H1 and intent,SOURCE_REQUIREMENT,P0,MISSING,Route metadata template,Metadata service,Brand copy,OMIT_UNTIL_APPROVED,NO,Metadata test plus cross-brand uniqueness,B4,Five table rows merged
REQ-BRD-017,11.2.1 Brand detail search package,Section 11.2.1; table 'Search package'; row 'Schema',Brand detail emits WebPage + Brand as mainEntity + ItemList for featured models + BreadcrumbList,SOURCE_REQUIREMENT,P0,MISSING,Schema builder,Schema builder,Brand records,NONE,NO,Schema-to-DOM equality,B7,
REQ-BRD-018,11.2.2 Brand detail acceptance,Section 11.2.2; list item 1,Unique title; description; H1; body copy and imagery for every brand,SOURCE_ACCEPTANCE_CRITERION,P0,MISSING,Uniqueness checks,Brand detail,Brand copy,OMIT_UNTIL_APPROVED,NO,Automated cross-brand uniqueness test,B9,
REQ-BRD-019,11.2.2 Brand detail acceptance,Section 11.2.2; list item 2,No unverified origin; material; price; warranty or shipping claims,SOURCE_ACCEPTANCE_CRITERION,P0,MISSING,Verification-status gate,Brand entity,Approvals,OMIT_UNTIL_APPROVED,YES,No unverified claim renders,B9,Blocking - publication of a false claim
REQ-BRD-020,11.2.2 Brand detail acceptance,Section 11.2.2; list item 3,Every featured model links to one public model-detail URL,SOURCE_ACCEPTANCE_CRITERION,P0,MISSING,Anchors to canonical model routes,Brand detail,Model publication,NONE,YES,Crawl test,B9,
REQ-BRD-021,11.2.2 Brand detail acceptance,Section 11.2.2; list item 4,Brand schema and visible page facts match exactly,SOURCE_ACCEPTANCE_CRITERION,P0,MISSING,Schema generated from the same record as the visible content,Schema builder,None,NONE,NO,Schema-to-DOM equality test,B9,
REQ-BRD-022,11.2.2 Brand detail acceptance,Section 11.2.2; list item 5,B2B pricing is not exposed in HTML or schema unless Veyora approves public pricing,SOURCE_ACCEPTANCE_CRITERION,P0,PARTIAL,Public serializer allowlist,Public data surface,None,NONE,YES,Forbidden-key test on HTML and JSON-LD,B9,Blocking - commercially sensitive data exposure
REQ-COL-001,12.1 Collections module order,Section 12.1; list item 1,Hero with the collections proposition; Request B2B Account and Service Model actions and an approved visual,SOURCE_REQUIREMENT,P0,MISSING,Shared hero,Collections index,Copy and imagery,OMIT_UNTIL_APPROVED,NO,Route test,B4,
REQ-COL-002,12.1 Collections module order,Section 12.1; list item 2,Search and category controls: model/collection/brand search; Optical Sun and Kids tabs and a sort control,SOURCE_REQUIREMENT,P0,PARTIAL,Rebuild with URL state; tabs become real category routes,Collections index,Facet data,NONE,NO,Deep-link and keyboard tests,B4,
REQ-COL-003,12.1 Collections module order,Section 12.1; list item 3,Filter area covering brand; audience/gender; shape; segment and other approved attributes with a labelled mobile drawer showing an active-filter count,SOURCE_REQUIREMENT,P0,PARTIAL,Add shape attribute; editorial filter drawer with count,Filter component,Shape data backfill,OMIT_UNTIL_APPROVED,NO,Axe plus responsive tests; shape facet omitted if coverage is insufficient,B4,Shape data does not exist - facet may ship omitted rather than wrong
REQ-COL-004,12.1 Collections module order,Section 12.1; list item 4,Results summary with result count and active filter summary,SOURCE_REQUIREMENT,P0,MISSING,Summary region with a live region for updates,Collections index,None,NONE,NO,Screen-reader announcement test,B4,
REQ-COL-005,12.1 Collections module order,Section 12.1; list item 5,Model grid using actual inventory data with image; model/SKU; brand; category and View Details link,SOURCE_REQUIREMENT,P0,PARTIAL,Server-rendered first page from the public surface,Collections index,Model publication,NONE,NO,Initial HTML contains products,B4,
REQ-COL-006,12.1 Collections module order,Section 12.1; list item 6,B2B gate message that pricing; real-time availability and ordering are in the portal with Request B2B Account and Login actions,SOURCE_REQUIREMENT,P0,MISSING,Persistent notice component,Collections index,DECISION-02,CONFIGURABLE,NO,Presence test,B4,
REQ-COL-007,12.1 Collections module order,Section 12.1; list item 7,Category explanation cards for Optical; Sun; Kids and Segmented by Role,SOURCE_REQUIREMENT,P1,MISSING,Content block,Collections index,Copy,OMIT_UNTIL_APPROVED,NO,Content review,B4,
REQ-COL-008,12.1 Collections module order,Section 12.1; list item 8,Closing assortment CTA and full footer,SOURCE_REQUIREMENT,P0,MISSING,CTA band plus footer,Collections index,Copy,NONE,NO,Snapshot test,B4,
REQ-COL-009,12.2 Faceted navigation and indexing,Section 12.2; table 'Faceted navigation and indexing'; row '/collections/',/collections/ is indexed and self-canonical with unique overview copy,SOURCE_REQUIREMENT,P0,MISSING,Route metadata and indexing policy,Indexing policy,Copy,NONE,NO,Metadata test,B7,
REQ-COL-010,12.2 Faceted navigation and indexing,Section 12.2; table 'Faceted navigation and indexing'; row '/collections/optical/',/collections/optical/ is an indexed curated landing with unique copy and products,SOURCE_REQUIREMENT,P0,MISSING,Dedicated route,Category landing,Copy,OMIT_UNTIL_APPROVED,YES,Metadata and content test,B4,Source supplies no title description or H1 for this route
REQ-COL-011,12.2 Faceted navigation and indexing,Section 12.2; table 'Faceted navigation and indexing'; row '/collections/sun/',/collections/sun/ is an indexed curated landing with unique copy and products,SOURCE_REQUIREMENT,P0,MISSING,Dedicated route,Category landing,Copy,OMIT_UNTIL_APPROVED,YES,Metadata and content test,B4,Source supplies no title description or H1 for this route
REQ-COL-012,12.2 Faceted navigation and indexing,Section 12.2; table 'Faceted navigation and indexing'; row '/collections/kids/',/collections/kids/ is an indexed curated landing with unique copy and products,SOURCE_REQUIREMENT,P0,MISSING,Dedicated route,Category landing,Copy,OMIT_UNTIL_APPROVED,YES,Metadata and content test,B4,Source supplies no title description or H1 for this route
REQ-COL-013,12.2 Faceted navigation and indexing,Section 12.2; table 'Faceted navigation and indexing'; row '?page=2',Paginated pages are indexed if useful; self-canonical with crawlable pagination links,SOURCE_REQUIREMENT,P0,MISSING,Server-rendered pagination with self-canonical,Indexing policy,None,NONE,NO,Crawl test that pagination is followable without JavaScript,B4,
REQ-COL-014,12.2 Faceted navigation and indexing,Section 12.2; table 'Faceted navigation and indexing'; row '?brand=&shape=&gender=',Filter parameter states are noindex follow by default; excluded from the sitemap with a centrally defined canonical strategy,SOURCE_REQUIREMENT,P0,MISSING,Central indexing policy module,Indexing policy,None,NONE,YES,Per-state meta and sitemap tests,B7,
REQ-COL-015,12.2 Faceted navigation and indexing,Section 12.2; table 'Faceted navigation and indexing'; row '?sort=',Sort-only states are noindex follow and canonical to the equivalent unsorted state,SOURCE_REQUIREMENT,P0,MISSING,Central indexing policy module,Indexing policy,None,NONE,YES,Meta and canonical test,B7,
REQ-COL-016,12.2 Faceted navigation and indexing,Section 12.2; table 'Faceted navigation and indexing'; row '/search/?q=',Internal search results are noindex follow and never placed in a sitemap,SOURCE_REQUIREMENT,P0,MISSING,Search route robots rules,Search template,None,NONE,NO,Meta test plus sitemap exclusion test,B5,
REQ-COL-017,12.3 Catalogue enhancements,Section 12.3; list item 1,Create indexable curated category pages rather than indexing every filter combination,SOURCE_REQUIREMENT,P0,MISSING,Three category routes only,Category landing,Copy,NONE,NO,Sitemap contains only curated landings,B4,
REQ-COL-018,12.3 Catalogue enhancements,Section 12.3; list item 2,Use stable human-readable model/SKU URLs; a colour selector updates media and SKU state without creating duplicates,SOURCE_REQUIREMENT,P0,MISSING,Canonical slug plus client-side colour state,Model detail,Canonical slugs,NONE,YES,URL invariance test,B4,
REQ-COL-019,12.3 Catalogue enhancements,Section 12.3; list item 3,Filters; search and pagination must not trap keyboard focus and must preserve browser back/forward behaviour,SOURCE_REQUIREMENT,P0,MISSING,History API pushState with focus management,Filter component,None,NONE,YES,Keyboard and history tests,B4,Blocking - keyboard trap on a core journey
REQ-COL-020,12.3 Catalogue enhancements,Section 12.3; list item 4,Do not require a click; swipe or filter interaction for crawlers to see the initial products and category copy,SOURCE_REQUIREMENT,P0,MISSING,Server rendering,Collections index,None,NONE,YES,curl assertion,B4,
REQ-COL-021,12.3 Catalogue enhancements,Section 12.3; list item 5,Split XML sitemaps into products; brands; pages and resources if the catalogue exceeds a few hundred products,SOURCE_REQUIREMENT,P0,MISSING,Sitemap index with four or five children,Sitemap service,Publication state,NONE,NO,Sitemap index validation,B7,Catalogue is about 1300 products so the condition is met
REQ-COL-022,12.3.1 Collections search package,Section 12.3.1; table 'Search package'; rows Canonical route Title Meta description H1 Primary intent,Collections metadata package: canonical /collections/ with the specified title; description; H1 and intent,SOURCE_REQUIREMENT,P0,MISSING,Route metadata record,Metadata service,Copy,NONE,NO,Metadata test plus uniqueness,B4,Five table rows merged
REQ-COL-023,12.3.1 Collections search package,Section 12.3.1; table 'Search package'; row 'Schema',Collections emits CollectionPage + ItemList + BreadcrumbList,SOURCE_REQUIREMENT,P0,MISSING,Schema builder,Schema builder,Model records,NONE,NO,Schema-to-DOM equality,B7,
REQ-COL-024,12.3.2 Collections acceptance,Section 12.3.2; list item 1,Initial result set and descriptive copy render in server HTML,SOURCE_ACCEPTANCE_CRITERION,P0,MISSING,Server rendering,Collections index,None,NONE,NO,curl assertion,B9,Requirement retained; production blocker carried by the non-duplicate row covering the same failure mode
REQ-COL-025,12.3.2 Collections acceptance,Section 12.3.2; list item 2,Every model card links to a stable public detail page,SOURCE_ACCEPTANCE_CRITERION,P0,MISSING,Anchors,Collections index,Model publication,NONE,YES,Crawl test,B9,
REQ-COL-026,12.3.2 Collections acceptance,Section 12.3.2; list item 3,Filter; sort and search states follow the approved indexation matrix,SOURCE_ACCEPTANCE_CRITERION,P0,MISSING,Indexing policy module,Indexing policy,None,NONE,NO,Per-state meta test,B9,Requirement retained; production blocker carried by the non-duplicate row covering the same failure mode
REQ-COL-027,12.3.2 Collections acceptance,Section 12.3.2; list item 4,No hidden B2B price or stock data appears in public source; metadata or schema,SOURCE_ACCEPTANCE_CRITERION,P0,PARTIAL,Serializer allowlist,Public data surface,None,NONE,YES,Forbidden-key test on HTML JSON and JSON-LD,B9,Blocking - commercially sensitive data exposure
REQ-COL-028,12.3.2 Collections acceptance,Section 12.3.2; list item 5,Pagination is crawlable and does not depend on an infinite-scroll-only experience,SOURCE_ACCEPTANCE_CRITERION,P0,MISSING,Anchor-based pagination,Collections index,None,NONE,YES,Crawl test with JavaScript disabled,B9,
REQ-MOD-001,13.1 Model detail content,Section 13.1; list item 1,Breadcrumbs Home > Collections > Brand > Model,SOURCE_REQUIREMENT,P0,MISSING,Breadcrumb component,Model detail,None,NONE,NO,Breadcrumb equals URL equals schema,B4,
REQ-MOD-002,13.1 Model detail content,Section 13.1; list item 2,Brand; model name and display SKU as the primary identity with one H1,SOURCE_REQUIREMENT,P0,MISSING,Template,Model detail,Model records,NONE,NO,Heading test,B4,
REQ-MOD-003,13.1 Model detail content,Section 13.1; list item 3,High-resolution image gallery with colour/variant selectors and accurate image-to-SKU mapping,SOURCE_REQUIREMENT,P0,PARTIAL,Editorial gallery island with mapped variant media,Model detail,Variant media mapping,OMIT_UNTIL_APPROVED,NO,Mapping test per published variant,B4,
REQ-MOD-004,13.1 Model detail content,Section 13.1; list item 4,Visible public attributes: optical/sun; audience; shape; material; colours; size and dimensions; collection/line; style traits and approved technical features,SOURCE_REQUIREMENT,P0,PARTIAL,Attribute table from the model record; unavailable attributes omitted,Model detail,Shape and material backfill,OMIT_UNTIL_APPROVED,NO,No zero or placeholder value renders,B4,
REQ-MOD-005,13.1 Model detail content,Section 13.1; list item 5,Concise original description explaining the model rather than repeating brand boilerplate,SOURCE_REQUIREMENT,P0,MISSING,public_description field distinct from the imported description,Model entity,Model copy,OMIT_UNTIL_APPROVED,NO,Duplicate-detection against brand copy,B4,
REQ-MOD-006,13.1 Model detail content,Section 13.1; list item 6,B2B message that pricing; live inventory and ordering are available to approved accounts with Login and Request B2B Account actions,SOURCE_REQUIREMENT,P0,MISSING,Notice component,Model detail,DECISION-02,CONFIGURABLE,NO,Presence test,B4,
REQ-MOD-007,13.1 Model detail content,Section 13.1; list item 7,Related models chosen by brand; shape; audience or commercial role,SOURCE_REQUIREMENT,P1,MISSING,Related-model query,Model detail,Shape data,OMIT_UNTIL_APPROVED,NO,Related links resolve and are not circular,B4,
REQ-MOD-008,13.1 Model detail content,Section 13.1; list item 8,Warranty and service summary linking to the full policy,SOURCE_REQUIREMENT,P0,MISSING,Claim component with policy reference,Model detail,Policy records,OMIT_UNTIL_APPROVED,NO,Link presence test,B4,
REQ-MOD-009,13.2 Model data and schema rules,Section 13.2; list item 1,Use Product structured data only for information visible on the page; do not include Offer/price/availability values hidden behind login,SOURCE_REQUIREMENT,P0,MISSING,Schema builder with no access to price or stock,Schema builder,None,NONE,YES,Forbidden-key test on JSON-LD,B7,Blocking - commercially sensitive data exposure
REQ-MOD-010,13.2 Model data and schema rules,Section 13.2; list item 2,Accept that a page without public Offer data may not qualify for product rich results; accurate entity markup is preferable to invented data,SOURCE_REQUIREMENT,P1,MISSING,No invented Offer data under any circumstance,Schema builder,None,NONE,NO,Schema type allowlist,B7,
REQ-MOD-011,13.2 Model data and schema rules,Section 13.2; list item 3,Model variants should use ProductGroup/hasVariant or an equivalent validated pattern where data quality supports it,SOURCE_REQUIREMENT,P1,MISSING,ProductGroup emitted when variant data is complete,Schema builder,Variant completeness,OMIT_UNTIL_APPROVED,NO,Rich Results validation,B7,
REQ-MOD-012,13.2 Model data and schema rules,Section 13.2; list item 4,Image URLs in structured data must be crawlable and indexable,SOURCE_REQUIREMENT,P0,PARTIAL,Absolute canonical image URLs,Schema builder,None,NONE,NO,Fetch every schema image URL and assert 200,B7,
REQ-MOD-013,13.2 Model data and schema rules,Section 13.2; list item 5,If a model is discontinued show that status and alternatives; use a 301 only when a genuinely equivalent replacement exists,SOURCE_REQUIREMENT,P1,MISSING,Discontinued state plus replacement pointer,Model entity,Discontinued data,OMIT_UNTIL_APPROVED,NO,Fixture tests for both dispositions,B4,
REQ-MOD-014,13.2.1 Model search package,Section 13.2.1; table 'Search package'; rows Canonical route Title Meta description H1 Primary intent,Model detail metadata package: canonical /collections/{brand}/{model-sku}/ with templated title; description; H1 and intent,SOURCE_REQUIREMENT,P0,MISSING,Route metadata template,Metadata service,Model copy,NONE,NO,Metadata test plus uniqueness,B4,Five table rows merged
REQ-MOD-015,13.2.1 Model search package,Section 13.2.1; table 'Search package'; row 'Schema',Model detail emits Product or ProductGroup + Brand + BreadcrumbList and omits Offer unless price and availability are publicly visible,SOURCE_REQUIREMENT,P0,MISSING,Schema builder,Schema builder,Model records,NONE,NO,Forbidden-key test on JSON-LD,B7,Requirement retained; production blocker carried by the non-duplicate row covering the same failure mode
REQ-MOD-016,13.2.2 Model acceptance,Section 13.2.2; list item 1,Each model has one canonical URL and one indexable identity across colour variants,SOURCE_ACCEPTANCE_CRITERION,P0,MISSING,Canonical slug,Model detail,None,NONE,YES,URL invariance test,B9,
REQ-MOD-017,13.2.2 Model acceptance,Section 13.2.2; list item 2,All technical values come from the product data source and match images and SKUs,SOURCE_ACCEPTANCE_CRITERION,P0,MISSING,No hand-entered technical values in templates,Model detail,Data quality,NONE,NO,Data-source assertion test,B9,
REQ-MOD-018,13.2.2 Model acceptance,Section 13.2.2; list item 3,No placeholder dimensions; lorem ipsum; invalid zero values or source text is visible to crawlers,SOURCE_ACCEPTANCE_CRITERION,P0,MISSING,Zero and empty values suppressed,Model detail,Data quality,NONE,YES,Automated scan of rendered HTML,B9,Blocking - invalid published product data
REQ-MOD-019,13.2.2 Model acceptance,Section 13.2.2; list item 4,Related models use crawlable links and do not create circular unavailable-result pages,SOURCE_ACCEPTANCE_CRITERION,P1,MISSING,Related-model query with a published-only filter,Model detail,Publication state,NONE,NO,Crawl test,B9,
REQ-SVC-001,14.1 Service Model module order,Section 14.1; list item 1,Hero with a retailer-friendly service proposition; Request B2B Account and Talk to Sales actions and a service visual,SOURCE_REQUIREMENT,P0,MISSING,Shared hero,Service Model,Copy and imagery,OMIT_UNTIL_APPROVED,NO,Route test,B3,
REQ-SVC-002,14.1 Service Model module order,Section 14.1; list item 2,Service pillars covering shipping window; exchange policy; warranty; resolution logic where applicable and the B2B platform using approved policy language and exceptions,SOURCE_REQUIREMENT,P0,MISSING,Pillar module bound to policy records; unapproved pillars omitted,Service Model,Approved policies,OMIT_UNTIL_APPROVED,NO,Each rendered pillar links to a policy,B3,Specific figures in the source are illustrative and not approved values
REQ-SVC-003,14.1 Service Model module order,Section 14.1; list item 3,Operational outcomes covering lower risk; easier replenishment; faster resolution and cleaner management,SOURCE_REQUIREMENT,P1,MISSING,Benefit module,Service Model,Copy,OMIT_UNTIL_APPROVED,NO,Content review,B3,
REQ-SVC-004,14.1 Service Model module order,Section 14.1; list item 4,Process covering Order; Replenishment; Delivery and Warranty/Support,SOURCE_REQUIREMENT,P1,MISSING,Process module stacking vertically on narrow screens,Service Model,Copy,OMIT_UNTIL_APPROVED,NO,Responsive and reading-order test,B3,
REQ-SVC-005,14.1 Service Model module order,Section 14.1; list item 5,B2B platform preview covering reorder; order tracking; warranty claims; account documents; users and permissions,SOURCE_REQUIREMENT,P1,MISSING,Portal preview component,Service Model,Approved screenshots,OMIT_UNTIL_APPROVED,NO,No confidential data appears,B3,
REQ-SVC-006,14.1 Service Model module order,Section 14.1; list item 6,Frequently asked questions with complete visible answers,SOURCE_REQUIREMENT,P0,MISSING,Accordion with content in the DOM,Service Model,Approved answers,OMIT_UNTIL_APPROVED,NO,Content present with JavaScript disabled,B3,
REQ-SVC-007,14.1 Service Model module order,Section 14.1; list item 7,Closing B2B and sales CTA,SOURCE_REQUIREMENT,P0,MISSING,CTA band,Service Model,Copy,NONE,NO,Snapshot test,B3,
REQ-SVC-008,14.2 Claim qualification,Section 14.2; list item 1,State the starting point and coverage for the shipping claim including in-stock scope; business days; eligible destinations and cut-off,SOURCE_REQUIREMENT,P0,MISSING,Policy record fields rendered with the claim; claim omitted if unqualified,Policy entity,Approved shipping policy,OMIT_UNTIL_APPROVED,YES,No shipping claim renders without its qualification,B3,Blocking - an unqualified claim would be materially false
REQ-SVC-009,14.2 Claim qualification,Section 14.2; list item 2,Explain exchange eligibility including one-for-one; condition; exclusions; approval; freight responsibility and geography,SOURCE_REQUIREMENT,P0,MISSING,Policy record; claim omitted if unqualified,Policy entity,Approved exchange policy,OMIT_UNTIL_APPROVED,YES,No exchange claim renders without its qualification,B3,Blocking - an unqualified claim would be materially false
REQ-SVC-010,14.2 Claim qualification,Section 14.2; list item 3,Explain warranty coverage including manufacturing defects; start date; exclusions; claim evidence and resolution options,SOURCE_REQUIREMENT,P0,MISSING,Policy record; claim omitted if unqualified,Policy entity,Approved warranty policy,OMIT_UNTIL_APPROVED,YES,No warranty claim renders without its qualification,B3,Blocking - an unqualified claim would be materially false
REQ-SVC-011,14.2 Claim qualification,Section 14.2; list item 4,Replace the term No-Return Logic with customer-facing language subject to policy approval,SOURCE_REQUIREMENT,P1,MISSING,Terminology omitted until approved,Content register,Approved terminology,OMIT_UNTIL_APPROVED,NO,Term absent until an approved label exists,B3,
REQ-SVC-012,14.2 Claim qualification,Section 14.2; list item 5,Portal metrics shown in visuals must be labelled demo data unless they come from a safe live authenticated account,SOURCE_REQUIREMENT,P0,MISSING,Demo-data label required on the portal preview component,Portal preview component,Approved screenshots,OMIT_UNTIL_APPROVED,YES,Label present on every rendered metric visual,B3,Blocking - unlabelled figures would be a false representation
REQ-SVC-013,14.2.1 Service search package,Section 14.2.1; table 'Search package'; rows Canonical route Title Meta description H1 Primary intent,Service Model metadata package: canonical /service-model/ with the specified title; description; H1 and intent,SOURCE_REQUIREMENT,P0,MISSING,Route metadata record,Metadata service,Copy,NONE,NO,Metadata test plus uniqueness,B3,Five table rows merged
REQ-SVC-014,14.2.1 Service search package,Section 14.2.1; table 'Search package'; row 'Schema',Service Model emits Service + FAQPage when the Q and A is visible + BreadcrumbList,SOURCE_REQUIREMENT,P0,MISSING,Schema builder,Schema builder,Policy records,NONE,NO,Schema-to-DOM equality,B7,
REQ-SVC-015,14.2.2 Service acceptance,Section 14.2.2; list item 1,Every service promise links to a complete policy or contains sufficient qualifications,SOURCE_ACCEPTANCE_CRITERION,P0,MISSING,Claim component enforcement,Service Model,Policy records,OMIT_UNTIL_APPROVED,NO,Build gate on unqualified claims,B9,Requirement retained; production blocker carried by the non-duplicate row covering the same failure mode
REQ-SVC-016,14.2.2 Service acceptance,Section 14.2.2; list item 2,FAQ answers are visible in HTML and match the current policy documents,SOURCE_ACCEPTANCE_CRITERION,P0,MISSING,Answers sourced from policy records,Service Model,Policy records,OMIT_UNTIL_APPROVED,NO,Content-equality test,B9,
REQ-SVC-017,14.2.2 Service acceptance,Section 14.2.2; list item 3,Portal preview contains no confidential account data,SOURCE_ACCEPTANCE_CRITERION,P0,MISSING,Static approved imagery only,Portal preview component,Approved screenshots,OMIT_UNTIL_APPROVED,NO,Manual review before publication,B9,Blocking - customer data exposure. Requirement retained; production blocker carried by the non-duplicate row covering the same failure mode
REQ-SVC-018,14.2.2 Service acceptance,Section 14.2.2; list item 4,Service terminology is clear to a first-time retailer,SOURCE_ACCEPTANCE_CRITERION,P1,MISSING,Plain-language review,Service Model,Copy,OMIT_UNTIL_APPROVED,NO,Editorial review,B9,
REQ-PL-001,15.1 Private Label module order,Section 15.1; list item 1,Hero with the private-label value proposition; Discuss Private Label and Contact Sales actions and an approved program visual,SOURCE_REQUIREMENT,P0,MISSING,Shared hero,Private Label,Copy and imagery,OMIT_UNTIL_APPROVED,NO,Route test,B3,
REQ-PL-002,15.1 Private Label module order,Section 15.1; list item 2,Who it is for covering pharmacies; fashion retail; gas/convenience and adjacent retailers; confirm each segment is actively served before publication,SOURCE_REQUIREMENT,P0,MISSING,Segment list with an approval flag per segment; unapproved segments omitted,Private Label,Segment approval,OMIT_UNTIL_APPROVED,NO,No unapproved segment renders,B3,
REQ-PL-003,15.1 Private Label module order,Section 15.1; list item 3,End-to-end process covering Discovery; Assortment; Branding; Ordering and Replenishment,SOURCE_REQUIREMENT,P1,MISSING,Process module,Private Label,Copy,OMIT_UNTIL_APPROVED,NO,Responsive and reading-order test,B3,
REQ-PL-004,15.1 Private Label module order,Section 15.1; list item 4,What Veyora provides covering frame sourcing; assortment logic; replenishment; retailer support and packaging options,SOURCE_REQUIREMENT,P1,MISSING,Benefit module,Private Label,Copy,OMIT_UNTIL_APPROVED,NO,Content review,B3,
REQ-PL-005,15.1 Private Label module order,Section 15.1; list item 5,Program deliverables covering branded packaging; tags; custom cases and branded eyewear,SOURCE_REQUIREMENT,P1,MISSING,Content block,Private Label,Copy and imagery,OMIT_UNTIL_APPROVED,NO,Content review,B3,
REQ-PL-006,15.1 Private Label module order,Section 15.1; list item 6,Why retailers choose Veyora covering flexibility; speed and reduced complexity supported by approved operational details,SOURCE_REQUIREMENT,P1,MISSING,Content block,Private Label,Approved detail,OMIT_UNTIL_APPROVED,NO,No unapproved operational detail renders,B3,
REQ-PL-007,15.1 Private Label module order,Section 15.1; list item 7,Closing private-label and sales CTA,SOURCE_REQUIREMENT,P0,MISSING,CTA band,Private Label,Copy,NONE,NO,Snapshot test,B3,
REQ-PL-008,15.2 Private Label enhancements,Section 15.2; list item 1,Add a qualification block covering channels; program stages; information needed to quote; geographic coverage and lead-time variables without publishing minimums or timelines until approved,SOURCE_REQUIREMENT,P1,MISSING,Content block with unapproved figures omitted,Private Label,Approved detail,OMIT_UNTIL_APPROVED,NO,No minimum or timeline renders until approved,B3,Ruling 13 - MOQ and lead-time claims are omitted
REQ-PL-009,15.2 Private Label enhancements,Section 15.2; list item 2,Provide a private-label enquiry path with context-specific fields rather than sending every prospect to the generic contact form,SOURCE_REQUIREMENT,P0,MISSING,Third form variant on the shared form component,Form service,Field definitions,BLOCKING_APPROVAL,YES,End-to-end submission test with its own event,B6,Blocking - lead capture for a named conversion path
REQ-PL-010,15.2 Private Label enhancements,Section 15.2; list item 3,Create two to four original case examples once Veyora has permission to name or anonymize programs,SOURCE_REQUIREMENT,P2,MISSING,Case study content type default unpublished,Resource entity,Permission,OMIT_UNTIL_APPROVED,NO,Not published unless approved,B5,
REQ-PL-011,15.2 Private Label enhancements,Section 15.2; list item 4,Add an FAQ covering design ownership; packaging; sample approval; minimum order quantities; lead times; warranty and replenishment only when answers are verified,SOURCE_REQUIREMENT,P2,MISSING,Accordion default unpublished,Private Label,Verified answers,OMIT_UNTIL_APPROVED,NO,Not published unless verified,B5,
REQ-PL-012,15.2.1 Private Label search package,Section 15.2.1; table 'Search package'; rows Canonical route Title Meta description H1 Primary intent,Private Label metadata package: canonical /private-label/ with the specified title; description; H1 and intent,SOURCE_REQUIREMENT,P0,MISSING,Route metadata record,Metadata service,Copy,NONE,NO,Metadata test plus uniqueness,B3,Five table rows merged
REQ-PL-013,15.2.1 Private Label search package,Section 15.2.1; table 'Search package'; row 'Schema',Private Label emits Service + FAQPage when visible + BreadcrumbList,SOURCE_REQUIREMENT,P1,MISSING,Schema builder,Schema builder,Verified answers,OMIT_UNTIL_APPROVED,NO,Schema-to-DOM equality,B7,
REQ-PL-014,15.2.2 Private Label acceptance,Section 15.2.2; list item 1,Every target channel and program deliverable is commercially approved,SOURCE_ACCEPTANCE_CRITERION,P0,MISSING,Approval flags,Private Label,Segment approval,OMIT_UNTIL_APPROVED,NO,No unapproved channel renders,B9,
REQ-PL-015,15.2.2 Private Label acceptance,Section 15.2.2; list item 2,Discuss Private Label opens an intent-specific form or route,SOURCE_ACCEPTANCE_CRITERION,P0,MISSING,Dedicated form variant,Form service,None,NONE,NO,Link and submission test,B9,Requirement retained; production blocker carried by the non-duplicate row covering the same failure mode
REQ-PL-016,15.2.2 Private Label acceptance,Section 15.2.2; list item 3,No invented minimum order; lead-time or manufacturing claim appears,SOURCE_ACCEPTANCE_CRITERION,P0,MISSING,Omission until approved,Private Label,Approved detail,OMIT_UNTIL_APPROVED,YES,Scan of rendered output for unapproved figures,B9,Blocking - publication of a false commercial claim
REQ-PL-017,15.2.2 Private Label acceptance,Section 15.2.2; list item 4,The private-label page contains enough substance to stand alone not only icons and CTAs,SOURCE_ACCEPTANCE_CRITERION,P1,MISSING,Minimum module and word-count review,Private Label,Copy,OMIT_UNTIL_APPROVED,NO,Content review,B9,
REQ-GP-001,16.1 Global Presence modules,Section 16.1; list item 1,Hero for global distribution with local execution using only approved geographic claims,SOURCE_REQUIREMENT,P0,MISSING,Shared hero with neutral presence wording until approved,Global Presence,Approved geography,NEUTRAL_WORDING,NO,No unapproved geographic claim renders,B3,Ruling 5
REQ-GP-002,16.1 Global Presence modules,Section 16.1; list item 2,Location cards stating the exact function of each location: warehouse; supply base; service hub; office or support location,SOURCE_REQUIREMENT,P0,MISSING,Function is a required enumerated field before a card claims one; neutral presence wording otherwise,Location entity,DECISION-12,NEUTRAL_WORDING,YES,No card renders a function without an approved value,B3,Ruling 6 - blocking only where a page explicitly claims a function; source names Germany here and Italy in section 9.1
REQ-GP-003,16.1 Global Presence modules,Section 16.1; list item 3,Market coverage table for Canada; United States and Europe with service availability and contact route; avoid claiming all countries if coverage is selective,SOURCE_REQUIREMENT,P0,MISSING,Coverage table reflowing on mobile; unapproved rows omitted,Global Presence,Approved coverage,NEUTRAL_WORDING,NO,No blanket coverage claim renders,B3,
REQ-GP-004,16.1 Global Presence modules,Section 16.1; list item 4,How the network works covering sourcing/inbound; inventory location; order routing; fulfilment; account support and escalation,SOURCE_REQUIREMENT,P1,MISSING,Process module,Global Presence,Approved detail,OMIT_UNTIL_APPROVED,NO,Content review,B3,
REQ-GP-005,16.1 Global Presence modules,Section 16.1; list item 5,Regional sales CTA routing users to the correct form option or sales team without exposing private personal data,SOURCE_REQUIREMENT,P0,MISSING,Region field pre-selected on the contact form,Form service,None,NONE,YES,No personal contact data in public HTML,B3,Blocking - personal data exposure
REQ-GP-006,16.1 Global Presence modules,Section 16.1; list item 6,Optional genuine logistics and service FAQs with approved delivery and customs information,SOURCE_REQUIREMENT,P2,MISSING,Accordion default unpublished,Global Presence,Approved answers,OMIT_UNTIL_APPROVED,NO,Not published unless approved,B5,Source marks this optional
REQ-GP-007,16.2 Local and international search,Section 16.2; list item 1,Do not create thin doorway pages for every city or country; create a regional landing only where unique service information exists,SOURCE_REQUIREMENT,P0,COMPLETE,One regional page only,Routing,None,NONE,NO,Route inventory review,B3,
REQ-GP-008,16.2 Local and international search,Section 16.2; list item 2,If localized versions are added use separate URLs with reciprocal hreflang and do not translate titles only,SOURCE_REQUIREMENT,P2,NOT_APPLICABLE,Architecture supports locale-prefixed routes; not built for launch,Routing,Localisation decision,CONFIGURABLE,NO,Deferred acceptance,POST_LAUNCH,No localisation is in scope for this release
REQ-GP-009,16.2 Local and international search,Section 16.2; list item 3,Do not force-redirect visitors by IP; offer a visible language/region selector and preserve a crawlable default,SOURCE_REQUIREMENT,P0,COMPLETE,No geo redirect permitted,Routing,None,NONE,YES,Automated check that no geo-based redirect exists,B3,Blocking - a geo redirect would damage indexing
REQ-GP-010,16.2 Local and international search,Section 16.2; list item 4,Use Organization/Place data only for real public-facing business locations and ensure addresses match the visible page,SOURCE_REQUIREMENT,P0,MISSING,Place schema emitted only for locations flagged public with a verified address,Schema builder,DECISION-12,OMIT_UNTIL_APPROVED,YES,Schema-to-DOM equality test,B7,Blocking - false structured data about business locations
REQ-GP-011,16.2.1 Global Presence search package,Section 16.2.1; table 'Search package'; rows Canonical route Title Meta description H1 Primary intent,Global Presence metadata package: canonical /global-presence/ with the specified title; description; H1 and intent,SOURCE_REQUIREMENT,P0,MISSING,Route metadata record,Metadata service,Copy,NONE,NO,Metadata test plus uniqueness,B3,Five table rows merged
REQ-GP-012,16.2.1 Global Presence search package,Section 16.2.1; table 'Search package'; row 'Schema',Global Presence emits Organization + Place/PostalAddress for verified public locations + BreadcrumbList,SOURCE_REQUIREMENT,P0,MISSING,Schema builder gated on a public-location flag,Schema builder,DECISION-12,OMIT_UNTIL_APPROVED,NO,Schema validation,B7,
REQ-GP-013,16.2.2 Global Presence acceptance,Section 16.2.2; list item 1,Every location is accurately labelled by function and has approved contact details,SOURCE_ACCEPTANCE_CRITERION,P0,MISSING,Gate on function and contact approval,Location entity,DECISION-12,NEUTRAL_WORDING,NO,No inaccurate function label renders,B9,Ruling 6. Requirement retained; production blocker carried by the non-duplicate row covering the same failure mode
REQ-GP-014,16.2.2 Global Presence acceptance,Section 16.2.2; list item 2,Regional service and shipping claims match the Service Model and policy pages,SOURCE_ACCEPTANCE_CRITERION,P0,MISSING,Shared policy records,Policy entity,Policy records,OMIT_UNTIL_APPROVED,YES,Cross-page consistency test,B9,Blocking - contradictory published claims
REQ-GP-015,16.2.2 Global Presence acceptance,Section 16.2.2; list item 3,No doorway pages or automatic geo redirects are introduced,SOURCE_ACCEPTANCE_CRITERION,P0,COMPLETE,Route inventory discipline,Routing,None,NONE,NO,Automated redirect inventory check,B9,Requirement retained; production blocker carried by the non-duplicate row covering the same failure mode
REQ-GP-016,16.2.2 Global Presence acceptance,Section 16.2.2; list item 4,Primary navigation Global Presence opens this indexable page,SOURCE_ACCEPTANCE_CRITERION,P0,MISSING,Real route,Navigation,None,NONE,NO,Crawl test,B9,Requirement retained; production blocker carried by the non-duplicate row covering the same failure mode
REQ-FRM-001,17.1 Route treatment,Section 17.1; callout table 'USE TWO URLS ONE SHARED VISUAL TEMPLATE',Create /contact/ and /request-b2b-account/ as separate routes with intent-specific titles; primary forms and analytics; on mobile never place two long forms back-to-back before the user chooses an intent,SOURCE_REQUIREMENT,P0,MISSING,Two routes sharing one visual template with an intent switcher,Form templates,Copy,NONE,YES,Metadata; event and responsive tests at 375,B6,
REQ-FRM-002,17.2 Contact Sales form,Section 17.2; table 'Contact Sales form'; all field rows,Implement the Contact Sales field set: full name; work email; phone; company; country/region; business type; how can we help and consent,SOURCE_REQUIREMENT,P0,MISSING,Form definition record,Form service,Controlled country and business-type lists,BLOCKING_APPROVAL,YES,Field-set snapshot test,B6,Eight field rows merged into one form definition; consent wording is blocking
REQ-FRM-003,17.3 Request B2B Account form,Section 17.3; table 'Request B2B Account form'; all field rows,Implement the Request B2B field set: full name; work email; phone; company; country/region; number of locations; business type; brands of interest; website; additional information and consent,SOURCE_REQUIREMENT,P0,MISSING,Form definition record,Form service,Brand list for multi-select,BLOCKING_APPROVAL,YES,Field-set snapshot test,B6,Eleven field rows merged into one form definition; consent wording is blocking
REQ-FRM-004,17.4 Form behaviour,Section 17.4; list item 1,Use persistent visible labels; autocomplete attributes; accessible required-state text; inline validation and an error summary linking to invalid fields,SOURCE_REQUIREMENT,P0,MISSING,Shared accessible form component,Form component,None,NONE,YES,Axe plus screen-reader plus keyboard tests,B6,Blocking - accessibility failure on the primary conversion journey
REQ-FRM-005,17.4 Form behaviour,Section 17.4; list item 2,Do not collect resale certificates; tax documents or other sensitive files on the first public form,SOURCE_REQUIREMENT,P0,COMPLETE,No file upload on public forms,Form service,None,NONE,YES,Field-set test asserting no file input,B6,Blocking - sensitive data collection without approved storage
REQ-FRM-006,17.4 Form behaviour,Section 17.4; list item 3,Use server-side validation; rate limiting and privacy-preserving spam prevention; a client-side success message alone is not proof of submission,SOURCE_REQUIREMENT,P0,MISSING,Server validation plus rate limiting plus honeypot and timing checks,Form service,None,NONE,YES,Success state only after a persisted record,B6,Blocking - silent lead loss
REQ-FRM-007,17.4 Form behaviour,Section 17.4; list item 4,After success show next steps and expected response window only if approved; send a confirmation email without exposing internal routing,SOURCE_REQUIREMENT,P0,MISSING,Confirmation email via the existing branded email module; response window omitted until approved,Form service,Approved response window,OMIT_UNTIL_APPROVED,NO,Email content test; no unapproved window renders,B6,
REQ-FRM-008,17.4 Form behaviour,Section 17.4; list item 5,Push the lead to the approved CRM with source URL; campaign parameters; form type; region and consent timestamp; never send raw PII to analytics,SOURCE_REQUIREMENT,P0,MISSING,Submission record captures every field; pluggable CRM adapter,Form service,CRM target,CONFIGURABLE,YES,Adapter mapping test plus analytics payload inspection,B6,Ruling 10 - CRM choice is configurable; the blocker is PII leakage and capture completeness
REQ-FRM-009,17.4 Form behaviour,Section 17.4; list item 6,If the CRM is unavailable queue the submission securely and alert operations; do not lose the lead silently,SOURCE_REQUIREMENT,P0,MISSING,Durable queue with retry and an operations alert,Form service,Alert recipients,NONE,YES,Fault-injection test asserting persistence and alerting,B6,Blocking - silent data loss
REQ-FRM-010,17.4.1 Contact search package,Section 17.4.1; table 'Search package'; rows Canonical route Title Meta description H1 Primary intent,Contact metadata package: canonical /contact/ with the specified title; description; H1 and intent,SOURCE_REQUIREMENT,P0,MISSING,Route metadata record,Metadata service,Copy,NONE,NO,Metadata test plus uniqueness,B6,Five table rows merged
REQ-FRM-011,17.4.1 Contact search package,Section 17.4.1; table 'Search package'; row 'Schema',Contact emits ContactPage + Organization + BreadcrumbList,SOURCE_REQUIREMENT,P0,MISSING,Schema builder,Schema builder,Organisation record,BLOCKING_APPROVAL,NO,Schema validation,B7,
REQ-FRM-012,17.4.2 Request B2B search package,Section 17.4.2; table 'Search package'; rows Canonical route Title Meta description H1 Primary intent,Request B2B metadata package: canonical /request-b2b-account/ with the specified title; description; H1 and intent,SOURCE_REQUIREMENT,P0,MISSING,Route metadata record,Metadata service,Copy,NONE,NO,Metadata test plus uniqueness,B6,Five table rows merged
REQ-FRM-013,17.4.2 Request B2B search package,Section 17.4.2; table 'Search package'; row 'Schema',Request B2B emits WebPage + Organization + BreadcrumbList,SOURCE_REQUIREMENT,P0,MISSING,Schema builder,Schema builder,Organisation record,BLOCKING_APPROVAL,NO,Schema validation,B7,
REQ-FRM-014,17.4.3 Forms acceptance,Section 17.4.3; list item 1,Each intent has a separate canonical URL; metadata package and submission event,SOURCE_ACCEPTANCE_CRITERION,P0,MISSING,Two routes two event names,Form templates,None,NONE,NO,Metadata and analytics tests,B9,Requirement retained; production blocker carried by the non-duplicate row covering the same failure mode
REQ-FRM-015,17.4.3 Forms acceptance,Section 17.4.3; list item 2,Forms are fully usable on mobile and with keyboard and screen-reader navigation,SOURCE_ACCEPTANCE_CRITERION,P0,MISSING,Accessible form component,Form component,None,NONE,YES,Axe plus manual assistive-technology pass,B9,Blocking - accessibility failure on the primary conversion journey
REQ-FRM-016,17.4.3 Forms acceptance,Section 17.4.3; list item 3,Consent wording and privacy link are approved for the operating regions,SOURCE_ACCEPTANCE_CRITERION,P0,MISSING,Consent version recorded per submission,Form service,Legal review,BLOCKING_APPROVAL,YES,Legal sign-off recorded before cutover,B9,Blocking - mandatory consent content
REQ-FRM-017,17.4.3 Forms acceptance,Section 17.4.3; list item 4,CRM receipt and failure handling are tested end to end,SOURCE_ACCEPTANCE_CRITERION,P0,MISSING,Integration and fault-injection tests,Form service,CRM sandbox where applicable,CONFIGURABLE,NO,Test suite green including the outage path,B9,Ruling 10 - testable with the durable-store adapter when no CRM is chosen. Requirement retained; production blocker carried by the non-duplicate row covering the same failure mode
REQ-FRM-018,17.4.3 Forms acceptance,Section 17.4.3; list item 5,No personal data appears in analytics payloads; URLs or console logs,SOURCE_ACCEPTANCE_CRITERION,P0,MISSING,Event schema excludes PII; logging hygiene rule,Analytics + logging,None,NONE,YES,Payload inspection test plus log scan,B9,Blocking - personal data exposure
REQ-RES-001,18 Resources and content layer,Section 18; introductory paragraph 1,Resources are P1 after the core templates are technically correct; publish a small set at launch if content is ready,SOURCE_REQUIREMENT,P1,MISSING,Hub publishes with whatever approved articles exist,Resources,Original content,OMIT_UNTIL_APPROVED,NO,Hub returns 200 regardless of article count,B5,Source explicitly states P1
REQ-RES-002,18.1 Required structure,Section 18.1; list item 1,Resource hub at /resources/ with Guides; Brand/Material Knowledge; Assortment Planning; Private Label and Service/Ordering categories,SOURCE_REQUIREMENT,P1,MISSING,Hub route plus category taxonomy,Resources hub,Content,OMIT_UNTIL_APPROVED,NO,Route and taxonomy test,B5,
REQ-RES-003,18.1 Required structure,Section 18.1; list item 2,Article template with descriptive title; one H1; summary answer; author/reviewer; publication and updated dates; table of contents for long guides; sourced facts; related pages and a conversion CTA,SOURCE_REQUIREMENT,P1,MISSING,Article template plus content collection schema,Article template,Content,OMIT_UNTIL_APPROVED,NO,Template field-presence test,B5,
REQ-RES-004,18.1 Required structure,Section 18.1; list item 3,Policy and guide pages for shipping; exchanges; warranty and ordering with policy facts centralised so marketing pages link rather than duplicate,SOURCE_REQUIREMENT,P0,MISSING,Policy entity as the single source referenced by marketing pages,Policy entity,Approved policies,OMIT_UNTIL_APPROVED,YES,Cross-page consistency test,B5,Blocking - contradictory policy text across pages
REQ-RES-005,18.1 Required structure,Section 18.1; list item 4,Downloadable fact sheets only when the on-page HTML contains the core information,SOURCE_REQUIREMENT,P2,MISSING,Optional attachment field with an HTML-content precondition,Article template,Assets,OMIT_UNTIL_APPROVED,NO,Review,B5,
REQ-RES-006,18.2 Recommended launch topics,Section 18.2; table 'Recommended launch topics'; all rows,Publish the seven recommended launch topics as content becomes ready,SOURCE_REQUIREMENT,P1,MISSING,Seven article stubs with owners; publish when approved,Resources,Original content,OMIT_UNTIL_APPROVED,NO,Publication tracking,B5,Seven table rows merged into one topic-set requirement
REQ-RES-007,18.3 Content quality standard,Section 18.3; list item 1,Content must be original; expert-reviewed and specific to eyewear retail; do not publish commodity AI summaries,SOURCE_REQUIREMENT,P1,MISSING,Reviewer field required before publication,Article template,Reviewers,OMIT_UNTIL_APPROVED,NO,Publication gate,B5,
REQ-RES-008,18.3 Content quality standard,Section 18.3; list item 2,Answer the main question directly near the top then explain definitions; trade-offs; examples and next steps,SOURCE_REQUIREMENT,P1,MISSING,Template enforces a summary-answer block,Article template,Content,OMIT_UNTIL_APPROVED,NO,Template structure test,B5,
REQ-RES-009,18.3 Content quality standard,Section 18.3; list item 3,Cite manufacturer documentation; approved policy documents or authoritative sources for technical and regulatory claims,SOURCE_REQUIREMENT,P1,MISSING,Sources field required for technical claims,Article template,Sources,OMIT_UNTIL_APPROVED,NO,Publication gate,B5,
REQ-RES-010,18.3 Content quality standard,Section 18.3; list item 4,Show Published; Last updated and Reviewed by details where appropriate and update or retire stale material,SOURCE_REQUIREMENT,P1,MISSING,Date and reviewer fields plus a scheduled-review field,Article template,Reviewers,OMIT_UNTIL_APPROVED,NO,Field-presence test plus a stale-content report,B5,
REQ-RES-011,18.3 Content quality standard,Section 18.3; list item 5,Link naturally to relevant brand; collection; service; private-label and contact pages avoiding keyword-stuffed anchors,SOURCE_REQUIREMENT,P1,MISSING,Related-entity links from the article record,Article template,Content,OMIT_UNTIL_APPROVED,NO,Editorial review,B5,
REQ-RES-012,18.3 Content quality standard,Section 18.3; list item 6,Do not create city/country pages; glossary entries or FAQs solely to manufacture large page counts,SOURCE_REQUIREMENT,P0,COMPLETE,Route inventory discipline,Routing,None,NONE,NO,Route inventory review,B5,
REQ-SEO-001,19.1 Rendering and application architecture,Section 19.1; list item 1,Use server-side rendering or static generation for all public pages; hydration must not be required for titles; metadata; headings; copy; links; identities or structured data,SOURCE_REQUIREMENT,P0,MISSING,Astro server mode with islands,Public web app,None,NONE,YES,curl assertion per route,B1,
REQ-SEO-002,19.1 Rendering and application architecture,Section 19.1; list item 2,Replace hash routing with clean URLs so a direct request to any route returns 200 with the correct HTML,SOURCE_REQUIREMENT,P0,MISSING,File-based routing,Routing,None,NONE,YES,Direct-request test per route,B1,
REQ-SEO-003,19.1 Rendering and application architecture,Section 19.1; list item 3,Return meaningful 404 pages with a true 404 status; never serve a 200 SPA shell for missing routes,SOURCE_REQUIREMENT,P0,MISSING,Astro 404 handler returning status 404; Caddy catch-all reordered,Error templates + Caddy,None,NONE,YES,Status-code test on unknown paths,B1,Current Caddy try_files returns 200 for every unknown path
REQ-SEO-004,19.1 Rendering and application architecture,Section 19.1; list item 4,Prevent the staging environment from indexing through authentication or noindex plus access controls; robots.txt is not a security control,SOURCE_REQUIREMENT,P0,MISSING,Basic auth plus X-Robots-Tag noindex on the RC host,Caddy,None,NONE,YES,RC host returns 401 or noindex,B10,Blocking - duplicate indexable copy damages indexing
REQ-SEO-005,19.1 Rendering and application architecture,Section 19.1; list item 5,Keep scripts and CSS crawlable and avoid rendering core content only after a blocking API call,SOURCE_REQUIREMENT,P0,MISSING,Server-side data fetching; assets unblocked,Public web app,None,NONE,YES,Fetch as crawler with cookies disabled,B1,
REQ-SEO-006,19.2 Metadata and document structure,Section 19.2; list item 1,Unique title; meta description; canonical; H1 and Open Graph/Twitter metadata for every indexable route,SOURCE_REQUIREMENT,P0,MISSING,Metadata framework with per-route records,Metadata service,Copy,NONE,YES,Uniqueness test across all indexable routes,B1,
REQ-SEO-007,19.2 Metadata and document structure,Section 19.2; list item 2,One descriptive H1 per page; H2/H3 follow the information hierarchy; do not choose heading tags for styling,SOURCE_REQUIREMENT,P0,PARTIAL,Heading components decoupled from type styles,Component library,None,NONE,NO,Heading-order lint on every route,B1,
REQ-SEO-008,19.2 Metadata and document structure,Section 19.2; list item 3,Self-referential absolute canonical on each indexable page; never canonicalise to a fragment,SOURCE_REQUIREMENT,P0,MISSING,Canonical derived from route identity and the configured origin,Metadata service,DECISION-01,CONFIGURABLE,YES,Canonical test per route,B7,
REQ-SEO-009,19.2 Metadata and document structure,Section 19.2; list item 4,Set html lang accurately; use separate URLs with reciprocal hreflang and x-default for localized versions,SOURCE_REQUIREMENT,P0,PARTIAL,lang from the locale config; hreflang deferred until localisation exists,Layout,Localisation decision,CONFIGURABLE,NO,Attribute test,B1,
REQ-SEO-010,19.2 Metadata and document structure,Section 19.2; list item 5,Include favicon and site-name assets and Organization logo metadata on the canonical domain,SOURCE_REQUIREMENT,P0,MISSING,Favicon set; apple-touch-icon; web manifest; logo in Organization schema,Layout + assets,Brand assets,OMIT_UNTIL_APPROVED,NO,Asset fetch test returning 200,B7,favicon.svg is referenced today but absent from the repository
REQ-SEO-011,19.2 Metadata and document structure,Section 19.2; list item 6,Use concise descriptive link text; buttons that navigate must be links and buttons are for in-page actions,SOURCE_REQUIREMENT,P0,PARTIAL,Anchors for navigation; buttons for in-page actions only,Component library,None,NONE,YES,Lint rule plus axe check,B1,Blocking - navigation must be operable without JavaScript
REQ-SEO-012,19.3 XML sitemaps and robots,Section 19.3; list item 1,Generate XML sitemaps automatically from published canonical records with accurate lastmod only when visible content changes,SOURCE_REQUIREMENT,P0,MISSING,Sitemap service reading publication records,Sitemap service,Publication state,NONE,YES,Sitemap validation plus lastmod stability across rebuilds,B7,
REQ-SEO-013,19.3 XML sitemaps and robots,Section 19.3; list item 2,Provide a sitemap index with sitemap-pages; sitemap-brands; sitemap-products; sitemap-resources and optional sitemap-images,SOURCE_REQUIREMENT,P0,MISSING,Sitemap index with four or five children,Sitemap service,Publication state,NONE,NO,Index validation,B7,
REQ-SEO-014,19.3 XML sitemaps and robots,Section 19.3; list item 3,Submit the sitemap to Google Search Console and Bing Webmaster Tools and declare it in robots.txt,SOURCE_REQUIREMENT,P0,MISSING,robots.txt Sitemap directive plus an operational submission task,robots.txt + process,GSC and Bing access,NONE,YES,Submission confirmed in both consoles,B11,
REQ-SEO-015,19.3 XML sitemaps and robots,Section 19.3; list item 4,Allow Googlebot; Bingbot and OAI-SearchBot to access public canonical pages and required assets,SOURCE_REQUIREMENT,P0,MISSING,robots.txt with explicit agent rules,robots.txt,Crawler policy,CONFIGURABLE,YES,robots.txt fetch test plus agent simulation,B7,Blocking - blocking major crawlers would be material indexing damage
REQ-SEO-016,19.3 XML sitemaps and robots,Section 19.3; list item 5,Keep portal and account paths authenticated and out of sitemaps; use noindex on accessible internal search and filter states rather than robots.txt blocking,SOURCE_REQUIREMENT,P0,MISSING,Indexing policy module plus sitemap exclusion,Indexing policy,None,NONE,YES,Sitemap and meta tests,B7,
REQ-SEO-017,19.3 XML sitemaps and robots,Section 19.3; list item 6,Treat GPTBot as a separate business decision independent of OAI-SearchBot,SOURCE_REQUIREMENT,P1,MISSING,robots.txt agent rules driven by configuration,robots.txt,Crawler policy,CONFIGURABLE,NO,Configuration test,B7,
REQ-SEO-018,19.3.1 Illustrative robots.txt,Section 19.3.1; callout table 'DEVELOPER EXAMPLE - ADAPT TO FINAL ROUTES',Adapt the illustrative robots.txt to the final routes; authenticated access rather than robots.txt protects private portal content,SOURCE_REQUIREMENT,P0,MISSING,Generated robots.txt reflecting the real route set,robots.txt,None,CONFIGURABLE,NO,robots.txt matches the indexing policy,B7,
REQ-SEO-019,19.4 Structured data mapping,Section 19.4; table 'Structured data mapping'; row 'Home',Home emits Organization; WebSite; WebPage carrying legal name; logo; URL; contact; sameAs and approved service area,SOURCE_REQUIREMENT,P0,MISSING,Schema builder,Schema builder,DECISION-10,BLOCKING_APPROVAL,NO,Schema validation plus DOM equality,B7,sameAs omitted where social profiles are unapproved
REQ-SEO-020,19.4 Structured data mapping,Section 19.4; table 'Structured data mapping'; row 'Why Veyora',Why Veyora emits AboutPage; Organization with company facts and visible locations only,SOURCE_REQUIREMENT,P0,MISSING,Schema builder,Schema builder,DECISION-12,NEUTRAL_WORDING,NO,Schema validation,B7,
REQ-SEO-021,19.4 Structured data mapping,Section 19.4; table 'Structured data mapping'; row 'Brands index',Brands index emits CollectionPage; ItemList listing all visible approved brand entities,SOURCE_REQUIREMENT,P0,MISSING,Schema builder,Schema builder,Brand records,CONFIGURABLE,NO,Schema-to-DOM equality,B7,
REQ-SEO-022,19.4 Structured data mapping,Section 19.4; table 'Structured data mapping'; row 'Brand detail',Brand detail emits WebPage; Brand as mainEntity; ItemList whose featured products match the visible list,SOURCE_REQUIREMENT,P0,MISSING,Schema builder,Schema builder,Brand records,OMIT_UNTIL_APPROVED,NO,Schema-to-DOM equality,B7,
REQ-SEO-023,19.4 Structured data mapping,Section 19.4; table 'Structured data mapping'; row 'Collections',Collections emits CollectionPage; ItemList reflecting the visible product list and breadcrumb,SOURCE_REQUIREMENT,P0,MISSING,Schema builder,Schema builder,Model records,NONE,NO,Schema-to-DOM equality,B7,
REQ-SEO-024,19.4 Structured data mapping,Section 19.4; table 'Structured data mapping'; row 'Model detail',Model detail emits Product/ProductGroup; Brand with no hidden Offer; price or availability values,SOURCE_REQUIREMENT,P0,MISSING,Schema builder without price access,Schema builder,None,NONE,YES,Forbidden-key test on JSON-LD,B7,Blocking - commercially sensitive data exposure
REQ-SEO-025,19.4 Structured data mapping,Section 19.4; table 'Structured data mapping'; row 'Service Model',Service Model emits Service; FAQPage for visible Q and A only,SOURCE_REQUIREMENT,P0,MISSING,Schema builder,Schema builder,Policy records,OMIT_UNTIL_APPROVED,NO,Schema-to-DOM equality,B7,
REQ-SEO-026,19.4 Structured data mapping,Section 19.4; table 'Structured data mapping'; row 'Private Label',Private Label emits Service; FAQPage for visible service and verified Q and A only,SOURCE_REQUIREMENT,P1,MISSING,Schema builder,Schema builder,Verified answers,OMIT_UNTIL_APPROVED,NO,Schema-to-DOM equality,B7,
REQ-SEO-027,19.4 Structured data mapping,Section 19.4; table 'Structured data mapping'; row 'Global Presence',Global Presence emits Organization; Place for real public business locations and functions only,SOURCE_REQUIREMENT,P0,MISSING,Schema builder gated on a public-location flag,Schema builder,DECISION-12,OMIT_UNTIL_APPROVED,YES,Schema-to-DOM equality,B7,Blocking - false structured data about business locations
REQ-SEO-028,19.4 Structured data mapping,Section 19.4; table 'Structured data mapping'; row 'Contact',Contact emits ContactPage; Organization with the approved contact point and service regions,SOURCE_REQUIREMENT,P0,MISSING,Schema builder,Schema builder,DECISION-10,OMIT_UNTIL_APPROVED,NO,Schema validation,B7,
REQ-SEO-029,19.4 Structured data mapping,Section 19.4; table 'Structured data mapping'; row 'All nested pages',All nested pages emit BreadcrumbList matching the visible breadcrumb and canonical hierarchy,SOURCE_REQUIREMENT,P0,MISSING,Breadcrumb component emits both from one data structure,Breadcrumb component,None,NONE,NO,Three-way equality test,B7,
REQ-SEO-030,19.5 Canonical and duplicate content,Section 19.5; list item 1,One canonical domain and HTTPS host; redirect HTTP; alternate hostname; index.php and duplicate staging domain variants,SOURCE_REQUIREMENT,P0,MISSING,Caddy host and protocol redirects,Caddy,DECISION-01,CONFIGURABLE,YES,Redirect matrix test,B10,
REQ-SEO-031,19.5 Canonical and duplicate content,Section 19.5; list item 2,Self-canonical brand; product; category and content pages generated server-side from route and content identity,SOURCE_REQUIREMENT,P0,MISSING,Canonical derived from route identity,Metadata service,None,NONE,NO,Canonical test per route,B7,
REQ-SEO-032,19.5 Canonical and duplicate content,Section 19.5; list item 3,Do not canonicalise every paginated page to page 1; keep useful paginated pages self-canonical with crawlable next pages,SOURCE_REQUIREMENT,P0,MISSING,Pagination canonical policy,Indexing policy,None,NONE,NO,Pagination canonical test,B7,
REQ-SEO-033,19.5 Canonical and duplicate content,Section 19.5; list item 4,Default noindex for internal search; sort-only and non-curated filter combinations; index only curated landings with unique copy; stable URLs and internal links,SOURCE_REQUIREMENT,P0,MISSING,Central indexing policy module,Indexing policy,None,NONE,YES,Per-state meta test,B7,
REQ-SEO-034,19.5 Canonical and duplicate content,Section 19.5; list item 5,Avoid near-duplicate brand pages; separate Essedue and Kyme only if each receives substantial unique content and products,SOURCE_REQUIREMENT,P1,MISSING,Uniqueness threshold enforced before publication,Brand entity,DECISION-03,CONFIGURABLE,NO,Duplicate-detection test,B4,
REQ-SEO-035,19.6 Image SEO,Section 19.6; list item 1,Place high-quality images near relevant text with descriptive contextual alt text without keyword stuffing,SOURCE_REQUIREMENT,P0,PARTIAL,Apply the existing homepage discipline across all templates,Media pipeline,Alt text,NONE,NO,Alt-quality review plus repetition check,B7,
REQ-SEO-036,19.6 Image SEO,Section 19.6; list item 2,Use crawlable image URLs; stable filenames and image sitemap entries where product images matter,SOURCE_REQUIREMENT,P0,PARTIAL,Stable image URLs plus sitemap-images,Sitemap service,None,NONE,NO,Image sitemap validation,B7,
REQ-SEO-037,19.6 Image SEO,Section 19.6; list item 3,Do not render product images only as CSS backgrounds when they carry product meaning,SOURCE_REQUIREMENT,P0,PARTIAL,Content images use img elements,Media pipeline,None,NONE,NO,Automated scan for background-image on content,B7,
REQ-SEO-038,19.6 Image SEO,Section 19.6; list item 4,Add Open Graph images sized for reliable social sharing and validate previews for core routes,SOURCE_REQUIREMENT,P0,MISSING,Per-route OG image with a designed default,Metadata service,Brand assets,OMIT_UNTIL_APPROVED,NO,OG image fetch plus dimension test,B7,Only a white logo SVG exists today
REQ-SEO-039,19.7 Performance budgets,Section 19.7; table 'Performance budgets'; row 'LCP',LCP 2.5 seconds or less at the 75th percentile on mobile and desktop field data,SOURCE_REQUIREMENT,P0,UNVERIFIED,Prioritised hero; self-hosted fonts; responsive images,Performance,None,NONE,NO,Lab regression gate plus field measurement,B9,Target - the release gate is the definition-of-done item
REQ-SEO-040,19.7 Performance budgets,Section 19.7; table 'Performance budgets'; row 'INP',INP 200 ms or less at the 75th percentile,SOURCE_REQUIREMENT,P0,UNVERIFIED,Minimal JavaScript; islands only,Performance,None,NONE,NO,Lab plus field,B9,Target
REQ-SEO-041,19.7 Performance budgets,Section 19.7; table 'Performance budgets'; row 'CLS',CLS 0.1 or less at the 75th percentile,SOURCE_REQUIREMENT,P0,PARTIAL,Reserve space for every media and embed,Performance,None,NONE,NO,Lab plus field,B9,Aspect ratios already reserved in the current design
REQ-SEO-042,19.7 Performance budgets,Section 19.7; table 'Performance budgets'; row 'Initial HTML',Initial HTML includes core content with no empty SPA shell,SOURCE_REQUIREMENT,P0,MISSING,Server rendering,Public web app,None,NONE,NO,curl assertion,B9,Requirement retained; production blocker carried by the non-duplicate row covering the same failure mode
REQ-SEO-043,19.7 Performance budgets,Section 19.7; table 'Performance budgets'; row 'Hero media',Hero media is responsive and prioritized with no autoplay video blocking LCP,SOURCE_REQUIREMENT,P0,PARTIAL,Keep video out of the LCP path,Media pipeline,None,NONE,NO,LCP element check,B9,
REQ-SEO-044,19.7 Performance budgets,Section 19.7; table 'Performance budgets'; row 'Below-fold media',Below-fold media is lazy-loaded with no interaction required for indexable text or products,SOURCE_REQUIREMENT,P0,PARTIAL,Apply across templates,Media pipeline,None,NONE,NO,Automated loading-attribute check,B9,Blocking - indexable content must not require interaction
REQ-GEO-001,20 GEO strategy,Section 20; callout table 'FOUNDATIONAL SEO FIRST',Focus on crawlable pages; explicit entity facts; original expert content; consistent sourcing; structured data and genuine external authority rather than GEO hacks,SOURCE_REQUIREMENT,P1,MISSING,Delivered through the SEO and content requirement set,Programme,None,NONE,NO,Aggregate review,B7,Umbrella statement
REQ-GEO-002,20.1 Machine-readable clarity,Section 20.1; list item 1,Define Veyora in one plain-language sentence on the homepage; company page and Organization schema,SOURCE_REQUIREMENT,P0,MISSING,One sourced definition used in three places,Organisation record,Approved wording,BLOCKING_APPROVAL,NO,String-equality test across all three,B3,
REQ-GEO-003,20.1 Machine-readable clarity,Section 20.1; list item 2,Use consistent names for the company; brands; programs; policies and locations across the website; portal; social profiles and partner listings,SOURCE_REQUIREMENT,P0,MISSING,Canonical naming in the content model,Content model,Approved names,OMIT_UNTIL_APPROVED,NO,Cross-surface naming audit,B2,
REQ-GEO-004,20.1 Machine-readable clarity,Section 20.1; list item 3,Provide short answer-first paragraphs before long marketing sections,SOURCE_REQUIREMENT,P1,MISSING,Answer-first block on key templates,Templates,Copy,OMIT_UNTIL_APPROVED,NO,Template structure test,B3,
REQ-GEO-005,20.1 Machine-readable clarity,Section 20.1; list item 4,Use tables only for real comparisons and facts,SOURCE_REQUIREMENT,P1,MISSING,Table component reserved for factual comparison,Component library,None,NONE,NO,Review,B4,
REQ-GEO-006,20.1 Machine-readable clarity,Section 20.1; list item 5,Make important facts visible in HTML; do not rely on images; PDFs; hover states or login-gated copy for public discovery,SOURCE_REQUIREMENT,P0,MISSING,Facts rendered as text,Templates,None,NONE,NO,Automated scan that key facts appear in HTML,B3,
REQ-GEO-007,20.2 Evidence and citable content,Section 20.2; list item 1,Add source/reference fields for manufacturing; material; warranty; shipping and performance claims,SOURCE_REQUIREMENT,P0,MISSING,Governance fields on every content entity,Content model,None,NONE,NO,Publication blocked without a source on flagged claim types,B2,
REQ-GEO-008,20.2 Evidence and citable content,Section 20.2; list item 2,Publish original technical and operational explanations reviewed by Veyora product or operations staff,SOURCE_REQUIREMENT,P1,MISSING,Reviewer field required,Article template,Reviewers,OMIT_UNTIL_APPROVED,NO,Publication gate,B5,
REQ-GEO-009,20.2 Evidence and citable content,Section 20.2; list item 3,Use real examples; photos; diagrams and data; avoid fabricated statistics; anonymous testimonials and unsupported best claims,SOURCE_REQUIREMENT,P0,MISSING,No testimonial or statistic component without a source field,Component library,Approved evidence,OMIT_UNTIL_APPROVED,YES,No unsourced statistic or testimonial renders,B3,Blocking - fabricated evidence is a false claim
REQ-GEO-010,20.2 Evidence and citable content,Section 20.2; list item 4,Keep policy pages current and link to them from every claim; avoid contradictory warranty or shipping text across pages,SOURCE_REQUIREMENT,P0,MISSING,Single policy source referenced by all claims,Policy entity,Policy records,OMIT_UNTIL_APPROVED,YES,Cross-page consistency test,B5,Blocking - contradictory published policy text
REQ-GEO-011,20.2 Evidence and citable content,Section 20.2; list item 5,Seek genuine citations from manufacturers; buying groups; trade associations; directories; partners and retailer case studies; do not purchase low-quality mentions,SOURCE_REQUIREMENT,P2,MISSING,Off-site activity; not an implementation item,Process,None,NONE,NO,Ongoing programme activity,POST_LAUNCH,
REQ-GEO-012,20.3 AI crawler access,Section 20.3; list item 1,Allow OAI-SearchBot in robots.txt if Veyora wants pages eligible in ChatGPT Search results,SOURCE_REQUIREMENT,P1,MISSING,robots.txt agent rule,robots.txt,Crawler policy,CONFIGURABLE,NO,robots.txt test,B7,
REQ-GEO-013,20.3 AI crawler access,Section 20.3; list item 2,Treat GPTBot separately; Veyora can allow search crawling while disallowing model-training crawling,SOURCE_REQUIREMENT,P1,MISSING,Independent configuration flag,robots.txt,Crawler policy,CONFIGURABLE,NO,Configuration test,B7,
REQ-GEO-014,20.3 AI crawler access,Section 20.3; list item 3,Allow Bingbot; maintain Bing index quality and use IndexNow on add; update and remove,SOURCE_REQUIREMENT,P1,MISSING,IndexNow submission on publication events,IndexNow service,Bing key,CONFIGURABLE,NO,Submission log plus Bing confirmation,B7,
REQ-GEO-015,20.3 AI crawler access,Section 20.3; list item 4,Do not create llms.txt as a substitute for HTML; sitemap or crawlability; if published treat it as optional and keep it synchronized,SOURCE_REQUIREMENT,P2,COMPLETE,Not implemented,Process,None,NONE,NO,Route inventory review,POST_LAUNCH,
REQ-GEO-016,20.4 GEO-ready page pattern,Section 20.4; list item 1,Direct answer of 40-80 words defining the topic or entity,SOURCE_REQUIREMENT,P1,MISSING,Answer block component with a word-count constraint,Component library,Copy,OMIT_UNTIL_APPROVED,NO,Word-count assertion,B3,
REQ-GEO-017,20.4 GEO-ready page pattern,Section 20.4; list item 2,Verified facts as a concise list or comparison with visible qualifications,SOURCE_REQUIREMENT,P1,MISSING,Fact list component requiring qualifications,Component library,Approved facts,OMIT_UNTIL_APPROVED,NO,No unqualified fact renders,B3,
REQ-GEO-018,20.4 GEO-ready page pattern,Section 20.4; list item 3,Explanation covering process; trade-offs; audience and use cases,SOURCE_REQUIREMENT,P1,MISSING,Content structure,Templates,Copy,OMIT_UNTIL_APPROVED,NO,Review,B3,
REQ-GEO-019,20.4 GEO-ready page pattern,Section 20.4; list item 4,Evidence as an approved source; policy; product data or attributed expert review,SOURCE_REQUIREMENT,P1,MISSING,Source references rendered,Templates,Sources,OMIT_UNTIL_APPROVED,NO,Field-presence test,B5,
REQ-GEO-020,20.4 GEO-ready page pattern,Section 20.4; list item 5,Related entities as crawlable links to brand; model; service; location and resource pages,SOURCE_REQUIREMENT,P1,MISSING,Related-links component,Component library,Content relationships,OMIT_UNTIL_APPROVED,NO,Crawl test,B4,
REQ-GEO-021,20.4 GEO-ready page pattern,Section 20.4; list item 6,Conversion as a relevant next action rather than an unrelated generic CTA,SOURCE_REQUIREMENT,P1,MISSING,Per-template CTA copy,CTA band,Copy,OMIT_UNTIL_APPROVED,NO,CTA copy differs per route,B3,
REQ-GEO-022,20.4 GEO-ready page pattern,Section 20.4; list item 7,Freshness as published/updated dates and an accountable reviewer where appropriate,SOURCE_REQUIREMENT,P1,MISSING,Date and reviewer fields,Content model,Reviewers,OMIT_UNTIL_APPROVED,NO,Field-presence test,B5,
REQ-GEO-023,20.5 What not to do,Section 20.5; list item 1,Do not produce hundreds of short FAQ or glossary pages from keyword lists,SOURCE_REQUIREMENT,P0,COMPLETE,Route inventory discipline,Routing,None,NONE,NO,Route inventory review,B5,
REQ-GEO-024,20.5 What not to do,Section 20.5; list item 2,Do not stuff city names; brand names or keywords into headings and alt attributes,SOURCE_REQUIREMENT,P0,COMPLETE,Alt-quality review,Media pipeline,None,NONE,NO,Automated repetition check,B7,
REQ-GEO-025,20.5 What not to do,Section 20.5; list item 3,Do not use schema that describes hidden; false or unavailable content,SOURCE_REQUIREMENT,P0,MISSING,Schema generated from rendered content only,Schema builder,None,NONE,YES,Schema-to-DOM equality test,B7,Blocking - false structured data
REQ-GEO-026,20.5 What not to do,Section 20.5; list item 4,Do not mark up anonymous marketing copy as reviews or ratings,SOURCE_REQUIREMENT,P0,COMPLETE,No review or rating schema permitted,Schema builder,None,NONE,YES,Schema type allowlist,B7,Blocking - false structured data
REQ-GEO-027,20.5 What not to do,Section 20.5; list item 5,Do not publish separate localized pages that merely duplicate the same English content,SOURCE_REQUIREMENT,P2,NOT_APPLICABLE,No localisation in scope,Routing,Localisation decision,CONFIGURABLE,NO,Deferred,POST_LAUNCH,
REQ-GEO-028,20.5 What not to do,Section 20.5; list item 6,Do not assume an AI crawler can execute catalogue interactions or access authenticated B2B data,SOURCE_REQUIREMENT,P0,MISSING,Server-rendered content everywhere,Public web app,None,NONE,NO,Crawl with JavaScript disabled,B4,
REQ-CM-001,21 Content model,Section 21; introductory paragraph,The content layer must separate presentation from verified business facts; every record needs publication state; source status; last review and canonical route fields,SOURCE_REQUIREMENT,P0,MISSING,Common governance columns on every content entity,Content model,None,NONE,NO,Schema review plus publication gate,B2,
REQ-CM-002,21.1 Brand entity,Section 21.1; table 'Brand entity'; row 'Identity',Brand identity fields: name; slug; logo; legal/trademark styling; short name,SOURCE_REQUIREMENT,P0,MISSING,brands table,Brand entity,Brand assets,OMIT_UNTIL_APPROVED,NO,Schema review,B2,
REQ-CM-003,21.1 Brand entity,Section 21.1; table 'Brand entity'; row 'Positioning',Brand positioning fields: headline; short summary; long story; segment; ideal retailer; best-for use cases,SOURCE_REQUIREMENT,P0,MISSING,brands table,Brand entity,Brand copy,OMIT_UNTIL_APPROVED,NO,Schema review,B2,
REQ-CM-004,21.1 Brand entity,Section 21.1; table 'Brand entity'; row 'Origin',Brand origin fields: design origin; manufacturing origin and component origins as separate fields,SOURCE_REQUIREMENT,P0,MISSING,Three separate columns with per-field verification,Brand entity,DECISION-11,OMIT_UNTIL_APPROVED,YES,Schema review plus publication gate,B2,Blocking - conflated origin claims are materially false
REQ-CM-005,21.1 Brand entity,Section 21.1; table 'Brand entity'; row 'Product facts',Brand product-fact fields: approved materials; categories; style traits; collections and featured models,SOURCE_REQUIREMENT,P0,MISSING,brands table plus a featured-models join,Brand entity,Verified data,OMIT_UNTIL_APPROVED,NO,Schema review,B2,
REQ-CM-006,21.1 Brand entity,Section 21.1; table 'Brand entity'; row 'Commercial',Brand commercial fields: public price-tier label; B2B CTA; account eligibility; approved service benefits,SOURCE_REQUIREMENT,P0,MISSING,brands table,Brand entity,Approved labels,OMIT_UNTIL_APPROVED,NO,Schema review,B2,
REQ-CM-007,21.1 Brand entity,Section 21.1; table 'Brand entity'; row 'Media',Brand media fields: hero; campaign gallery; logo; alt text; rights/expiry,SOURCE_REQUIREMENT,P0,MISSING,media table with rights and expiry,Media entity,Asset rights,OMIT_UNTIL_APPROVED,NO,Schema review plus an expiry report,B2,
REQ-CM-008,21.1 Brand entity,Section 21.1; table 'Brand entity'; row 'Search',Brand search fields: title; meta description; canonical; index flag; social image; schema identifier,SOURCE_REQUIREMENT,P0,MISSING,brands table,Brand entity,Copy,NONE,NO,Schema review,B2,
REQ-CM-009,21.1 Brand entity,Section 21.1; table 'Brand entity'; row 'Governance',Brand governance fields: source references; fact owner; verification status; last reviewed; scheduled review,SOURCE_REQUIREMENT,P0,MISSING,Common governance columns,Content model,Owners,NONE,NO,Publication gate,B2,
REQ-CM-010,21.2 Model entity,Section 21.2; table 'Model/product entity'; row 'Identity',Model identity fields: model name; display SKU; brand; line/collection; canonical slug,SOURCE_REQUIREMENT,P0,PARTIAL,Add slug and line columns to products,Model entity,Slug generation,NONE,YES,Slug uniqueness and URL-safety test,B2,Blocking - without canonical slugs model routes cannot exist
REQ-CM-011,21.2 Model entity,Section 21.2; table 'Model/product entity'; row 'Classification',Model classification fields: optical/sun; audience; shape; segment; style traits,SOURCE_REQUIREMENT,P0,PARTIAL,Add shape and segment columns and backfill,Model entity,Shape backfill,OMIT_UNTIL_APPROVED,NO,Coverage report before publication,B2,Shape data does not exist today
REQ-CM-012,21.2 Model entity,Section 21.2; table 'Model/product entity'; row 'Technical',Model technical fields: materials; dimensions; size; bridge; temple; lens measurements and features,SOURCE_REQUIREMENT,P0,PARTIAL,Promote to typed columns or a validated attribute schema,Model entity,Data quality,OMIT_UNTIL_APPROVED,NO,Validation rejecting zero or empty published values,B2,
REQ-CM-013,21.2 Model entity,Section 21.2; table 'Model/product entity'; row 'Variants',Model variant fields: colour code; colour name; variant SKU; swatch and mapped media,SOURCE_REQUIREMENT,P0,PARTIAL,Split colour code from colour name; add swatch and media mapping,Variation entity,Colour data backfill,OMIT_UNTIL_APPROVED,NO,Mapping coverage test,B2,
REQ-CM-014,21.2 Model entity,Section 21.2; table 'Model/product entity'; row 'Media',Model media fields: primary and alternate images; alt text; dimensions; rights,SOURCE_REQUIREMENT,P0,PARTIAL,media table keyed to model and variant,Media entity,Alt text,OMIT_UNTIL_APPROVED,NO,Field-presence test,B2,
REQ-CM-015,21.2 Model entity,Section 21.2; table 'Model/product entity'; row 'Public state',Model public-state fields: published; featured; discontinued; related models; public description,SOURCE_REQUIREMENT,P0,MISSING,Add columns to products,Model entity,Editorial decisions,OMIT_UNTIL_APPROVED,NO,Publication gate,B2,
REQ-CM-016,21.2 Model entity,Section 21.2; table 'Model/product entity'; row 'B2B state',Model B2B-state fields: portal identifier and price/inventory visibility rules never serialized publicly if restricted,SOURCE_REQUIREMENT,P0,PARTIAL,Public serializer allowlist as the single enforcement point,Public data surface,None,NONE,YES,Forbidden-key test,B2,Blocking - commercially sensitive data exposure
REQ-CM-017,21.2 Model entity,Section 21.2; table 'Model/product entity'; row 'Search',Model search fields: title; description; canonical; index flag; schema data; lastmod,SOURCE_REQUIREMENT,P0,MISSING,Add columns to products,Model entity,Copy,NONE,NO,Schema review,B2,
REQ-CM-018,21.2 Model entity,Section 21.2; table 'Model/product entity'; row 'Governance',Model governance fields: source system; data owner; verification status; last reviewed,SOURCE_REQUIREMENT,P0,MISSING,Common governance columns,Content model,Owners,NONE,NO,Publication gate,B2,
REQ-CM-019,21.3 Other content entities,Section 21.3; list item 1,Location entity: name; type/function; public address; regions served; contact; hours; map coordinates if approved; source and review date,SOURCE_REQUIREMENT,P0,MISSING,locations table,Location entity,DECISION-12,NEUTRAL_WORDING,NO,Schema review plus publication gate,B2,
REQ-CM-020,21.3 Other content entities,Section 21.3; list item 2,Policy entity: type; summary; full terms; effective date; eligible markets; exclusions; owner; revision history and linked service claims,SOURCE_REQUIREMENT,P0,MISSING,policies table with revision history,Policy entity,Approved policies,BLOCKING_APPROVAL,YES,Schema review plus publication gate,B2,Blocking - policy pages are mandatory legal content
REQ-CM-021,21.3 Other content entities,Section 21.3; list item 3,Resource entity: title; slug; summary; body; author/reviewer; sources; publish/update dates; category; related entities and conversion goal,SOURCE_REQUIREMENT,P1,MISSING,Content collection with schema validation,Resource entity,Content,OMIT_UNTIL_APPROVED,NO,Schema review,B5,
REQ-CM-022,21.3 Other content entities,Section 21.3; list item 4,Page entity: route; template; navigation placement; content modules; metadata; schema; index state; social image and redirect aliases,SOURCE_REQUIREMENT,P0,MISSING,content_pages table plus redirects table,Page entity,Copy,NONE,NO,Schema review,B2,
REQ-CM-023,21.3 Other content entities,Section 21.3; list item 5,Form entity: form type; field definitions; validation; consent version; CRM routing; confirmation content; notification owner and retention rule,SOURCE_REQUIREMENT,P0,MISSING,forms and form_submissions tables,Form entity,Consent wording,BLOCKING_APPROVAL,YES,Schema review,B6,Blocking - consent version and retention are legal requirements
REQ-CM-024,21.4 Publishing governance,Section 21.4; list item 1,Enforce Draft to product/operations verification to marketing approval to SEO validation to publish,SOURCE_REQUIREMENT,P0,MISSING,Publication state machine,Content model,Owners,NONE,NO,State-transition tests,B2,
REQ-CM-025,21.4 Publishing governance,Section 21.4; list item 2,Named approval is required for manufacturing origin; material composition; warranty; exchange; shipping speed; price tier; inventory and geographic service coverage,SOURCE_REQUIREMENT,P0,MISSING,High-risk field list requiring a named approver,Content model,Owners,OMIT_UNTIL_APPROVED,YES,Publication gate on high-risk fields,B2,Blocking - unapproved high-risk claims would be materially false
REQ-CM-026,21.4 Publishing governance,Section 21.4; list item 3,Prevent publication when required sources or approvals are missing; do not rely on a free-text verified note,SOURCE_REQUIREMENT,P0,MISSING,Structured verification status with a foreign-key approver,Content model,Owners,NONE,YES,Gate test attempting publication without approval,B2,
REQ-CM-027,21.4 Publishing governance,Section 21.4; list item 4,Changing a canonical slug must automatically create or require a 301 redirect from the previous published URL,SOURCE_REQUIREMENT,P0,MISSING,Slug-history trigger writing a redirect row,Redirect service,None,NONE,YES,Test that a slug change creates a 301,B2,Blocking - a broken canonical URL is material indexing damage
REQ-CM-028,21.4 Publishing governance,Section 21.4; list item 5,Lastmod changes only when visible content or materially useful metadata changes; not on every build,SOURCE_REQUIREMENT,P0,MISSING,content_updated_at distinct from the trigger-maintained updated_at,Sitemap service,None,NONE,NO,Rebuild without content change leaves lastmod unchanged,B7,
REQ-ANL-001,22.1 Required analytics events,Section 22.1; table 'Required analytics events'; row 'cta_click',cta_click with cta_name; page_type; page_path and destination and no PII,SOURCE_REQUIREMENT,P1,MISSING,Event layer,Analytics,Analytics platform,CONFIGURABLE,NO,Payload test,B6,Ruling 11 - analytics may default to disabled
REQ-ANL-002,22.1 Required analytics events,Section 22.1; table 'Required analytics events'; row 'brand_view',brand_view with brand and source_page on brand-page view,SOURCE_REQUIREMENT,P1,MISSING,Event layer,Analytics,Analytics platform,CONFIGURABLE,NO,Payload test,B6,
REQ-ANL-003,22.1 Required analytics events,Section 22.1; table 'Required analytics events'; row 'model_view',model_view with brand; model_sku and category and no price if restricted,SOURCE_REQUIREMENT,P1,MISSING,Event layer,Analytics,Analytics platform,CONFIGURABLE,NO,Payload test asserting no price field,B6,
REQ-ANL-004,22.1 Required analytics events,Section 22.1; table 'Required analytics events'; row 'catalog_filter',catalog_filter with filter_group and selected_value_count avoiding free-text search terms if sensitive,SOURCE_REQUIREMENT,P1,MISSING,Event layer,Analytics,Analytics platform,CONFIGURABLE,NO,Payload test,B6,
REQ-ANL-005,22.1 Required analytics events,Section 22.1; table 'Required analytics events'; row 'b2b_request_start',b2b_request_start with page_path and source_cta on first meaningful interaction,SOURCE_REQUIREMENT,P1,MISSING,Event layer,Analytics,Analytics platform,CONFIGURABLE,NO,Payload test,B6,
REQ-ANL-006,22.1 Required analytics events,Section 22.1; table 'Required analytics events'; row 'b2b_request_submit',b2b_request_submit with region; business_type; source_page and result and no name; email; phone or company,SOURCE_REQUIREMENT,P1,MISSING,Event layer,Analytics,Analytics platform,CONFIGURABLE,NO,Payload test asserting no PII,B6,The PII prohibition is enforced by REQ-FRM-018 which is blocking
REQ-ANL-007,22.1 Required analytics events,Section 22.1; table 'Required analytics events'; row 'contact_sales_submit',contact_sales_submit with region; business_type; source_page and result and no form-message content,SOURCE_REQUIREMENT,P1,MISSING,Event layer,Analytics,Analytics platform,CONFIGURABLE,NO,Payload test,B6,
REQ-ANL-008,22.1 Required analytics events,Section 22.1; table 'Required analytics events'; row 'private_label_submit',private_label_submit with region; business_type; source_page and result and no PII,SOURCE_REQUIREMENT,P1,MISSING,Event layer,Analytics,Analytics platform,CONFIGURABLE,NO,Payload test,B6,
REQ-ANL-009,22.1 Required analytics events,Section 22.1; table 'Required analytics events'; row 'b2b_login_click',b2b_login_click with page_path and destination tracking the handoff only,SOURCE_REQUIREMENT,P1,MISSING,Event layer,Analytics,DECISION-02,CONFIGURABLE,NO,Payload test,B6,
REQ-ANL-010,22.1 Required analytics events,Section 22.1; table 'Required analytics events'; row 'policy_view',policy_view with policy_type and source_page,SOURCE_REQUIREMENT,P1,MISSING,Event layer,Analytics,Analytics platform,CONFIGURABLE,NO,Payload test,B6,
REQ-ANL-011,22.2 Measurement setup,Section 22.2; list item 1,Verify Google Search Console on the canonical domain; submit sitemaps and monitor indexing; Web Vitals and enhancements,SOURCE_REQUIREMENT,P0,MISSING,Operational task at cutover,Process,GSC access,NONE,YES,Verification confirmed before cutover completion,B11,Blocking - required to detect indexing damage at cutover
REQ-ANL-012,22.2 Measurement setup,Section 22.2; list item 2,Verify Bing Webmaster Tools; submit the sitemap; inspect key URLs and enable IndexNow,SOURCE_REQUIREMENT,P1,MISSING,Operational task,Process,Bing access,CONFIGURABLE,NO,Verification confirmed,B11,
REQ-ANL-013,22.2 Measurement setup,Section 22.2; list item 3,Configure GA4 or approved analytics with consent controls and cross-domain measurement if the portal is on another domain,SOURCE_REQUIREMENT,P1,MISSING,Consent-gated analytics loader; disabled by default,Analytics,Analytics platform,CONFIGURABLE,NO,Consent behaviour test,B6,Rulings 11 and 12 - analytics may default to disabled and the Meta Pixel may be removed
REQ-ANL-014,22.2 Measurement setup,Section 22.2; list item 4,The CRM stores original source; latest source; UTM values; landing page; form type; consent timestamp and lifecycle status,SOURCE_REQUIREMENT,P0,MISSING,Submission record carries every field; adapter maps them,Form service,CRM target,CONFIGURABLE,YES,Field-capture test on the persisted submission,B6,Ruling 10 - blocking on capture completeness not on CRM selection
REQ-ANL-015,22.2 Measurement setup,Section 22.2; list item 5,Create a launch dashboard for organic sessions; non-branded impressions; indexed pages; brand/model clicks; form completion; qualified leads and crawl errors,SOURCE_REQUIREMENT,P1,MISSING,Operational task,Process,Analytics access,CONFIGURABLE,NO,Dashboard exists at launch,B11,
REQ-ANL-016,22.3 Recommended success metrics,Section 22.3; table 'Recommended success metrics'; all rows,Track the six recommended measurement areas: technical; discovery; engagement; conversion; AI discovery and quality,SOURCE_REQUIREMENT,P1,MISSING,Dashboard definition,Process,Analytics access,CONFIGURABLE,NO,Dashboard review,POST_LAUNCH,Six table rows merged
REQ-RAP-001,23.1 Responsive requirements,Section 23.1; list item 1,Preserve the approved design across desktop; tablet and mobile; do not scale the desktop wireframe down mechanically,SOURCE_REQUIREMENT,P0,MISSING,Per-breakpoint composition as the current homepage already does,All templates,None,NONE,NO,Visual regression at all breakpoints,B9,
REQ-RAP-002,23.1 Responsive requirements,Section 23.1; list item 2,Brand and model grids adapt from four columns to two and one with stable card hierarchy and touch targets,SOURCE_REQUIREMENT,P0,MISSING,Grid rules with minimum touch targets,Grid components,None,NONE,YES,Responsive plus target-size tests,B4,Blocking - target size is a WCAG 2.2 AA criterion on a core journey
REQ-RAP-003,23.1 Responsive requirements,Section 23.1; list item 3,Catalogue filters become a labelled mobile drawer with active filters and Clear All visible,SOURCE_REQUIREMENT,P0,PARTIAL,Editorial drawer with an active-filter count,Filter component,None,NONE,NO,Responsive plus axe tests,B4,
REQ-RAP-004,23.1 Responsive requirements,Section 23.1; list item 4,Process diagrams become a vertical sequence on narrow screens with reading order matching the DOM,SOURCE_REQUIREMENT,P0,MISSING,DOM order equals visual order; no CSS reordering,Process component,None,NONE,NO,Reading-order test,B3,
REQ-RAP-005,23.1 Responsive requirements,Section 23.1; list item 5,Contact and B2B forms become intent selection followed by one form,SOURCE_REQUIREMENT,P0,MISSING,Intent selection pattern below 900px,Form templates,None,NONE,NO,Responsive test at 375,B6,
REQ-RAP-006,23.1 Responsive requirements,Section 23.1; list item 6,Tables reflow into labelled records or use an accessible scroll region with a visible cue,SOURCE_REQUIREMENT,P0,MISSING,Responsive table component,Table component,None,NONE,NO,Responsive plus axe tests,B4,
REQ-RAP-007,23.2 Accessibility target,Section 23.2; callout table 'TARGET: WCAG 2.2 AA',Use WCAG 2.2 AA as the implementation and QA target for navigation; filters; accordions; forms; colour contrast; focus visibility; target size and error handling,SOURCE_REQUIREMENT,P0,MISSING,Accessibility built into components and gated in CI,All components,None,NONE,YES,Automated axe plus a manual assistive-technology pass,B9,
REQ-RAP-008,23.2 Accessibility target,Section 23.2; list item 1,Semantic landmarks: header; nav; main; sections with headings and footer,SOURCE_REQUIREMENT,P0,PARTIAL,Layout component,Layout,None,NONE,NO,Landmark test,B1,
REQ-RAP-009,23.2 Accessibility target,Section 23.2; list item 2,Visible keyboard focus and logical focus order with no keyboard traps in menus; filters; galleries or modals,SOURCE_REQUIREMENT,P0,MISSING,Focus-ring token plus focus management in every island,Component library,None,NONE,YES,Keyboard walkthrough plus automated focus-visibility check,B1,No focus-visible style exists anywhere in the current design
REQ-RAP-010,23.2 Accessibility target,Section 23.2; list item 3,Colour contrast verified for text; controls; focus and status; information never conveyed by colour alone,SOURCE_REQUIREMENT,P0,UNVERIFIED,Measure and adjust the faint token; add non-colour indicators,Design token layer,None,NONE,YES,Automated contrast test on every token pair in use,B1,The faint ink token at 10.5px is the most likely failure
REQ-RAP-011,23.2 Accessibility target,Section 23.2; list item 4,All controls have accessible names; accordions expose expanded state; form errors are announced and associated with fields,SOURCE_REQUIREMENT,P0,MISSING,Accessible component implementations,Component library,None,NONE,YES,Axe plus screen-reader pass,B6,
REQ-RAP-012,23.2 Accessibility target,Section 23.2; list item 5,Images have correct alt treatment with context-specific descriptions and empty alt for decorative shapes,SOURCE_REQUIREMENT,P0,PARTIAL,Alt as a required media field,Media pipeline,Alt text,NONE,NO,Automated alt-presence check,B3,
REQ-RAP-013,23.2 Accessibility target,Section 23.2; list item 6,Respect reduced-motion preferences and pause/stop rules for moving content,SOURCE_REQUIREMENT,P0,MISSING,prefers-reduced-motion guard plus a visible pause control,Motion layer,None,NONE,YES,Reduced-motion simulation test,B1,The current homepage video autoplays with no media query or control
REQ-RAP-014,23.2 Accessibility target,Section 23.2; list item 7,Test at 200% browser zoom; narrow reflow; screen reader; keyboard-only and touch input,SOURCE_REQUIREMENT,P0,MISSING,Manual and automated QA matrix,QA process,None,NONE,YES,Signed QA matrix,B9,
REQ-RAP-015,23.3 Performance implementation,Section 23.3; list item 1,Use route-level code splitting and remove unused libraries and components from the public bundle,SOURCE_REQUIREMENT,P0,MISSING,Islands architecture ships near-zero JavaScript by default,Public web app,None,NONE,NO,Bundle-size budget,B9,
REQ-RAP-016,23.3 Performance implementation,Section 23.3; list item 2,Preload only critical fonts and assets; subset and self-host fonts where licensing permits; use font-display and avoid layout shifts,SOURCE_REQUIREMENT,P0,MISSING,Self-host subset fonts; decide the display face,Font pipeline,Font licensing,CONFIGURABLE,NO,No third-party font request; CLS budget met,B1,Fonts are third-party hosted today
REQ-RAP-017,23.3 Performance implementation,Section 23.3; list item 3,Optimize hero media by route and viewport; do not ship desktop-resolution images to mobile,SOURCE_REQUIREMENT,P0,MISSING,Responsive derivatives per breakpoint,Media pipeline,None,NONE,NO,Transferred-bytes budget at 375,B7,
REQ-RAP-018,23.3 Performance implementation,Section 23.3; list item 4,Reserve aspect-ratio space for every image; portal screenshot; card and embedded media,SOURCE_REQUIREMENT,P0,PARTIAL,Apply across templates,Media pipeline,None,NONE,NO,CLS budget,B7,
REQ-RAP-019,23.3 Performance implementation,Section 23.3; list item 5,Cache immutable assets; use CDN edge delivery and compress HTML; CSS; JavaScript and JSON,SOURCE_REQUIREMENT,P0,PARTIAL,Fingerprinted assets with immutable caching; compression; CDN optional,Caddy,CDN decision,CONFIGURABLE,NO,Response-header test,B10,
REQ-RAP-020,23.3 Performance implementation,Section 23.3; list item 6,Measure real-user Web Vitals after launch using lab tests as a regression gate and field data as the outcome,SOURCE_REQUIREMENT,P0,MISSING,Field measurement wired at launch,Analytics,Analytics platform,CONFIGURABLE,NO,Field data flowing within 7 days of cutover,B11,
REQ-IMP-001,24 Implementation sequence,Section 24; table 'Implementation sequence'; all phase rows,Follow the seven-phase sequence from design and content inventory through post-launch monitoring,SOURCE_REQUIREMENT,P0,MISSING,Mapped to batches B0 to B11 in 07_IMPLEMENTATION_PLAN,Programme,None,NONE,NO,Phase gate reviews,B0,Seven table rows merged into one sequence requirement
REQ-IMP-002,24.1 Priority backlog,Section 24.1; table 'Priority backlog'; row P0 'Choose canonical production domain',Choose the canonical production domain and protect or redirect the alternate,SOURCE_REQUIREMENT,P0,MISSING,DECISION-01 driving configuration,Config + Caddy,DECISION-01,CONFIGURABLE,NO,Redirect matrix green at cutover,B10,
REQ-IMP-003,24.1 Priority backlog,Section 24.1; table 'Priority backlog'; row P0 'Remove hash routing',Remove hash routing and implement clean SSR/SSG routes with direct-request support,SOURCE_REQUIREMENT,P0,MISSING,Astro server mode,Public web app,None,NONE,NO,Direct-request test,B1,
REQ-IMP-004,24.1 Priority backlog,Section 24.1; table 'Priority backlog'; row P0 'Build core page templates',Build core page templates and model-detail pages with real links,SOURCE_REQUIREMENT,P0,MISSING,Batches B3 and B4,Templates,Content,OMIT_UNTIL_APPROVED,NO,Route and crawl tests,B4,
REQ-IMP-005,24.1 Priority backlog,Section 24.1; table 'Priority backlog'; row P0 'Create verified redirect inventory',Create a verified redirect inventory for legacy WordPress and product URLs,SOURCE_REQUIREMENT,P0,MISSING,Redirect table from the legacy export,Redirect service,Legacy inventory,NONE,NO,Crawl of the legacy list,B7,
REQ-IMP-006,24.1 Priority backlog,Section 24.1; table 'Priority backlog'; row P0 'Validate all service brand-count location origin and material claims',Validate all service; brand-count; location; origin and material claims,SOURCE_REQUIREMENT,P0,MISSING,Publication gate plus omission of unapproved claims,Content model,Approvals,OMIT_UNTIL_APPROVED,NO,No unvalidated claim renders,B8,
REQ-IMP-007,24.1 Priority backlog,Section 24.1; table 'Priority backlog'; row P0 'Implement forms CRM delivery privacy spam controls',Implement forms; CRM delivery; privacy; spam controls and success/failure handling,SOURCE_REQUIREMENT,P0,MISSING,Batch B6,Form service,Consent wording,BLOCKING_APPROVAL,NO,End-to-end tests including the outage path,B6,
REQ-IMP-008,24.1 Priority backlog,Section 24.1; table 'Priority backlog'; row P1 'Add Global Presence policy pages resources structured data and IndexNow',Add Global Presence; policy pages; resources; structured data and IndexNow,SOURCE_REQUIREMENT,P1,MISSING,Batches B3 B5 and B7,Templates + services,Content,OMIT_UNTIL_APPROVED,NO,Route and schema tests,B7,
REQ-IMP-009,24.1 Priority backlog,Section 24.1; table 'Priority backlog'; row P1 'Separate Essedue and Kyme decide Extreme Next',Separate Essedue and Kyme brand pages and decide Extreme Next scope,SOURCE_REQUIREMENT,P1,MISSING,Publication flags,Brand entity,DECISION-03 and DECISION-04,CONFIGURABLE,NO,Routes generated from published records,B4,Rulings 8 and 9
REQ-IMP-010,24.1 Priority backlog,Section 24.1; table 'Priority backlog'; row P1 'Implement curated category landings and controlled faceted indexing',Implement curated category landings and controlled faceted indexing,SOURCE_REQUIREMENT,P1,MISSING,Three category routes plus the indexing policy module,Category landing,Copy,OMIT_UNTIL_APPROVED,NO,Per-state meta test,B4,
REQ-IMP-011,24.1 Priority backlog,Section 24.1; table 'Priority backlog'; row P2 'Add approved case studies localization and advanced resource program',Add approved case studies; localization and an advanced resource program,SOURCE_REQUIREMENT,P2,MISSING,Deferred beyond launch,Resources,Content,OMIT_UNTIL_APPROVED,NO,Deferred,POST_LAUNCH,
REQ-IMP-012,24.1 Priority backlog,Section 24.1; table 'Priority backlog'; row P2 'Evaluate optional llms.txt',Evaluate optional llms.txt only as a maintained navigation aid never as an SEO substitute,SOURCE_REQUIREMENT,P2,NOT_APPLICABLE,Not implemented,Process,None,NONE,NO,Deferred,POST_LAUNCH,
REQ-DOD-001,24.2 Definition of done,Section 24.2; list item 1,Visual review confirms the approved design has been preserved across all new templates,SOURCE_ACCEPTANCE_CRITERION,P0,MISSING,Visual regression plus sign-off,QA,Baselines,NONE,YES,Signed review,B9,
REQ-DOD-002,24.2 Definition of done,Section 24.2; list item 2,Each canonical public URL returns 200 with unique title; description; canonical; H1; primary copy and links in the initial HTML,SOURCE_ACCEPTANCE_CRITERION,P0,MISSING,Route contract suite,QA,None,NONE,YES,Automated suite green,B9,
REQ-DOD-003,24.2 Definition of done,Section 24.2; list item 3,No public route relies on hash navigation and missing routes return a true 404,SOURCE_ACCEPTANCE_CRITERION,P0,MISSING,Routing plus error handling,QA,None,NONE,YES,Status-code suite,B9,
REQ-DOD-004,24.2 Definition of done,Section 24.2; list item 4,Canonical domain and legacy redirects are verified with a crawl and sampled manually,SOURCE_ACCEPTANCE_CRITERION,P0,MISSING,Crawl plus manual sample,QA,Legacy inventory,NONE,YES,Crawl report,B10,
REQ-DOD-005,24.2 Definition of done,Section 24.2; list item 5,XML sitemaps contain only canonical; indexable; 200-status URLs and are submitted to both major webmaster platforms,SOURCE_ACCEPTANCE_CRITERION,P0,MISSING,Sitemap validation plus submission,QA,GSC and Bing access,NONE,YES,Validation plus submission confirmation,B11,
REQ-DOD-006,24.2 Definition of done,Section 24.2; list item 6,Structured data validates without critical errors and matches visible content,SOURCE_ACCEPTANCE_CRITERION,P0,MISSING,Schema validation plus DOM equality,QA,None,NONE,YES,Validation report,B9,
REQ-DOD-007,24.2 Definition of done,Section 24.2; list item 7,Forms pass successful submission; validation; spam; CRM outage; duplicate and confirmation tests,SOURCE_ACCEPTANCE_CRITERION,P0,MISSING,Form test suite,QA,CRM sandbox where applicable,CONFIGURABLE,YES,Suite green,B9,
REQ-DOD-008,24.2 Definition of done,Section 24.2; list item 8,Mobile; keyboard; screen-reader and WCAG 2.2 AA QA is complete for navigation; filters; accordions; galleries and forms,SOURCE_ACCEPTANCE_CRITERION,P0,MISSING,Accessibility QA matrix,QA,None,NONE,YES,Signed matrix,B9,
REQ-DOD-009,24.2 Definition of done,Section 24.2; list item 9,Core Web Vitals performance budgets pass lab regression tests and field measurement is configured,SOURCE_ACCEPTANCE_CRITERION,P0,MISSING,Lighthouse regression gate plus field wiring,QA,Analytics,CONFIGURABLE,YES,Budgets green,B9,
REQ-DOD-010,24.2 Definition of done,Section 24.2; list item 10,Staging; portal/account; internal search and uncontrolled filter states are not indexable,SOURCE_ACCEPTANCE_CRITERION,P0,MISSING,Indexing policy plus staging protection,QA,None,NONE,YES,Crawl plus header tests,B10,
REQ-DOD-011,24.2 Definition of done,Section 24.2; list item 11,All placeholder copy; images; sample numbers; lorem ipsum and unverified claims are removed,SOURCE_ACCEPTANCE_CRITERION,P0,MISSING,Placeholder validation gate against rendered output,QA,Approvals,OMIT_UNTIL_APPROVED,YES,Gate blocks the production build,B8,
REQ-QA-001,25.1 Launch QA architecture,Section 25.1; list item 1,All specified routes exist and direct-load successfully,SOURCE_ACCEPTANCE_CRITERION,P0,MISSING,Route contract suite,QA,None,NONE,YES,Suite green,B9,
REQ-QA-002,25.1 Launch QA architecture,Section 25.1; list item 2,No hash-based page routes remain,SOURCE_ACCEPTANCE_CRITERION,P0,MISSING,Route inventory,QA,None,NONE,NO,Automated scan,B9,Requirement retained; production blocker carried by the non-duplicate row covering the same failure mode
REQ-QA-003,25.1 Launch QA architecture,Section 25.1; list item 3,Header; footer; breadcrumbs and CTA destinations are correct,SOURCE_ACCEPTANCE_CRITERION,P0,MISSING,Link destination suite,QA,None,NONE,YES,Suite green,B9,
REQ-QA-004,25.1 Launch QA architecture,Section 25.1; list item 4,404 and 500 states use correct HTTP status codes,SOURCE_ACCEPTANCE_CRITERION,P0,MISSING,Error handling tests,QA,None,NONE,YES,Status-code suite,B9,
REQ-QA-005,25.1 Launch QA architecture,Section 25.1; list item 5,Alternate domain and protocol/host variants redirect consistently,SOURCE_ACCEPTANCE_CRITERION,P0,MISSING,Redirect matrix,QA,DECISION-01,CONFIGURABLE,YES,Matrix test,B10,
REQ-QA-006,25.2 Launch QA search,Section 25.2; list item 1,Unique title; description; H1; canonical and social metadata on all indexable routes,SOURCE_ACCEPTANCE_CRITERION,P0,MISSING,Metadata uniqueness suite,QA,Copy,NONE,NO,Suite green,B9,Requirement retained; production blocker carried by the non-duplicate row covering the same failure mode
REQ-QA-007,25.2 Launch QA search,Section 25.2; list item 2,Initial HTML contains primary content and crawlable links,SOURCE_ACCEPTANCE_CRITERION,P0,MISSING,curl assertions,QA,None,NONE,NO,Suite green,B9,Requirement retained; production blocker carried by the non-duplicate row covering the same failure mode
REQ-QA-008,25.2 Launch QA search,Section 25.2; list item 3,Sitemaps; robots and noindex rules match the indexing plan,SOURCE_ACCEPTANCE_CRITERION,P0,MISSING,Indexing policy suite,QA,None,NONE,YES,Suite green,B9,
REQ-QA-009,25.2 Launch QA search,Section 25.2; list item 4,Structured data matches visible facts and passes validation,SOURCE_ACCEPTANCE_CRITERION,P0,MISSING,Schema suite,QA,None,NONE,NO,Suite green,B9,Requirement retained; production blocker carried by the non-duplicate row covering the same failure mode
REQ-QA-010,25.2 Launch QA search,Section 25.2; list item 5,The legacy redirect map has no loops; chains or irrelevant homepage redirects,SOURCE_ACCEPTANCE_CRITERION,P0,MISSING,Redirect graph analysis,QA,Legacy inventory,NONE,YES,Analysis report,B10,
REQ-QA-011,25.2 Launch QA search,Section 25.2; list item 6,Search Console and Bing verification; sitemap submission and URL inspection complete,SOURCE_ACCEPTANCE_CRITERION,P0,MISSING,Operational task,Process,GSC and Bing access,NONE,YES,Confirmation recorded,B11,
REQ-QA-012,25.3 Launch QA content and GEO,Section 25.3; list item 1,Company; brand; location and service facts are consistent across pages and schema,SOURCE_ACCEPTANCE_CRITERION,P0,MISSING,Cross-page consistency suite,QA,Approvals,OMIT_UNTIL_APPROVED,YES,Suite green,B9,Blocking - contradictory published facts
REQ-QA-013,25.3 Launch QA content and GEO,Section 25.3; list item 2,Brand and model pages contain unique; useful copy and verified data,SOURCE_ACCEPTANCE_CRITERION,P0,MISSING,Uniqueness plus verification gate,QA,Content,OMIT_UNTIL_APPROVED,NO,Suite green,B9,Content volume is not blocking; falsity is covered by REQ-BRD-019
REQ-QA-014,25.3 Launch QA content and GEO,Section 25.3; list item 3,Policy claims are linked and qualified,SOURCE_ACCEPTANCE_CRITERION,P0,MISSING,Claim reference gate,QA,Policy records,OMIT_UNTIL_APPROVED,YES,Gate green,B9,
REQ-QA-015,25.3 Launch QA content and GEO,Section 25.3; list item 4,Resource pages show reviewer; sources and meaningful updated dates,SOURCE_ACCEPTANCE_CRITERION,P1,MISSING,Field-presence gate,QA,Reviewers,OMIT_UNTIL_APPROVED,NO,Gate green,B9,
REQ-QA-016,25.3 Launch QA content and GEO,Section 25.3; list item 5,OAI-SearchBot and Bingbot can access public pages and assets,SOURCE_ACCEPTANCE_CRITERION,P1,MISSING,User-agent simulation,QA,Crawler policy,CONFIGURABLE,NO,Simulation report,B9,
REQ-QA-017,25.4 Launch QA UX and accessibility,Section 25.4; list item 1,Responsive review at agreed breakpoints and representative devices,SOURCE_ACCEPTANCE_CRITERION,P0,MISSING,Visual regression plus device pass,QA,Baselines,NONE,NO,Signed review,B9,Requirement retained; production blocker carried by the non-duplicate row covering the same failure mode
REQ-QA-018,25.4 Launch QA UX and accessibility,Section 25.4; list item 2,Keyboard; screen-reader; contrast; reflow; zoom and reduced-motion tests pass,SOURCE_ACCEPTANCE_CRITERION,P0,MISSING,Accessibility matrix,QA,None,NONE,NO,Signed matrix,B9,Requirement retained; production blocker carried by the non-duplicate row covering the same failure mode
REQ-QA-019,25.4 Launch QA UX and accessibility,Section 25.4; list item 3,Filters and accordions expose state and work without a pointer,SOURCE_ACCEPTANCE_CRITERION,P0,MISSING,Keyboard and axe tests,QA,None,NONE,YES,Suite green,B9,
REQ-QA-020,25.4 Launch QA UX and accessibility,Section 25.4; list item 4,Forms have labels; descriptions; errors; summaries; confirmation and focus management,SOURCE_ACCEPTANCE_CRITERION,P0,MISSING,Form accessibility suite,QA,None,NONE,YES,Suite green,B9,
REQ-QA-021,25.4 Launch QA UX and accessibility,Section 25.4; list item 5,No content overlaps; clips or becomes unreadable at 200% zoom,SOURCE_ACCEPTANCE_CRITERION,P0,MISSING,Zoom and reflow tests,QA,None,NONE,YES,Suite green,B9,
REQ-QA-022,25.5 Launch QA performance and security,Section 25.5; list item 1,Performance budgets pass representative mobile and desktop tests,SOURCE_ACCEPTANCE_CRITERION,P0,MISSING,Lab regression gate,QA,None,NONE,NO,Budgets green,B9,Requirement retained; production blocker carried by the non-duplicate row covering the same failure mode
REQ-QA-023,25.5 Launch QA performance and security,Section 25.5; list item 2,No restricted price; inventory; account or customer data appears in public HTML; JSON; source maps or analytics,SOURCE_ACCEPTANCE_CRITERION,P0,MISSING,Forbidden-key scan across all output surfaces,QA,None,NONE,YES,Scan clean,B9,Blocking - private and commercially sensitive data exposure
REQ-QA-024,25.5 Launch QA performance and security,Section 25.5; list item 3,Form rate limiting; server validation; logging hygiene and CRM failure handling pass,SOURCE_ACCEPTANCE_CRITERION,P0,MISSING,Abuse and fault-injection tests,QA,None,NONE,YES,Suite green,B9,
REQ-QA-025,25.5 Launch QA performance and security,Section 25.5; list item 4,Staging is protected and secrets are not embedded in client bundles,SOURCE_ACCEPTANCE_CRITERION,P0,MISSING,Basic auth plus a bundle secret scan,QA,None,NONE,YES,Scan clean,B10,
REQ-META-001,26 Core metadata matrix,Section 26; table 'Core metadata matrix'; all route rows,Implement the twelve specified route title and H1 pairs,SOURCE_REQUIREMENT,P0,MISSING,Route metadata records seeded from the matrix,Metadata service,Copy approval,NONE,NO,Metadata test plus cross-route uniqueness,B3,Twelve table rows merged; duplicates the per-page search packages
REQ-META-002,26 Core metadata matrix,Section 26; note beneath the metadata matrix,Titles and descriptions are implementation-ready starting points; recheck lengths and search appearance after final terminology; market claims and production domain are approved,SOURCE_REQUIREMENT,P1,MISSING,Length and appearance review before cutover,Metadata service,DECISION-01,CONFIGURABLE,NO,Length report reviewed,B7,
REQ-META-003,26.1 Recommended policy routes,Section 26.1; list item 1,/shipping/ carries public shipping coverage; timing definitions; cut-offs and exceptions,SOURCE_REQUIREMENT,P0,MISSING,Policy route rendering the shipping policy record,Policy template,Approved shipping policy,OMIT_UNTIL_APPROVED,NO,Route returns 200; body renders only when published,B5,Route is required; approved body content may lag
REQ-META-004,26.1 Recommended policy routes,Section 26.1; list item 2,/warranty-and-exchanges/ carries warranty and exchange terms; process and exclusions,SOURCE_REQUIREMENT,P0,MISSING,Policy route,Policy template,Approved warranty and exchange policy,OMIT_UNTIL_APPROVED,NO,Route returns 200; body renders only when published,B5,
REQ-META-005,26.1 Recommended policy routes,Section 26.1; list item 3,/ordering-guide/ carries account approval; ordering; replenishment; shipping and support workflow,SOURCE_REQUIREMENT,P0,MISSING,Policy route,Policy template,Approved workflow,OMIT_UNTIL_APPROVED,NO,Route returns 200,B5,
REQ-META-006,26.1 Recommended policy routes,Section 26.1; list item 4,/privacy-policy/ carries a public privacy notice covering forms; CRM; analytics and cookies,SOURCE_REQUIREMENT,P0,MISSING,Policy route,Policy template,Legal review,BLOCKING_APPROVAL,YES,Route returns 200 with approved content; legal sign-off,B5,Blocking - mandatory legal content alongside public forms
REQ-META-007,26.1 Recommended policy routes,Section 26.1; list item 5,/terms/ carries approved public website and B2B terms as applicable,SOURCE_REQUIREMENT,P0,MISSING,Policy route,Policy template,Legal review,BLOCKING_APPROVAL,YES,Route returns 200 with approved content; legal sign-off,B5,Blocking - mandatory legal content
REQ-META-008,26.1 Recommended policy routes,Section 26.1; list item 6,/accessibility/ carries an accessibility statement and contact method,SOURCE_REQUIREMENT,P1,MISSING,Policy route,Policy template,Accessibility audit result,OMIT_UNTIL_APPROVED,NO,Route returns 200,B5,
REQ-META-009,26.1 Recommended policy routes,Section 26.1; list item 7,/sitemap/ is an optional human-readable sitemap for users and QA,SOURCE_REQUIREMENT,P1,MISSING,Generated from published records,Sitemap page,Publication state,NONE,NO,Route test plus link validity,B5,Source marks this optional
REQ-WF-001,27 Appendix A,Section 27; introductory paragraph,The wireframe figures govern structure and hierarchy and do not replace the current website's approved visual language,SOURCE_REQUIREMENT,P0,COMPLETE,Figures used for module order only; never as visual designs,All templates,None,NONE,NO,Design review confirms no wireframe styling was imported,B3,Programme ruling 2; figures deliberately not opened during this audit
REQ-REF-001,28 Authoritative references,Section 28; introductory paragraph,Recheck any referenced standard that changes before launch,SOURCE_REQUIREMENT,P1,MISSING,Standards review before cutover,Process,None,NONE,NO,Review recorded in the cutover runbook,B11,
